date,roi,log_dev_2019,trailing_yoy,no2_monthly
2018-07-01,la_paz_el_alto,,,2.370286401616604e-05
2018-08-01,la_paz_el_alto,,,2.854299096798626e-05
2018-09-01,la_paz_el_alto,,,2.6626658098708455e-05
2018-10-01,la_paz_el_alto,,,1.3035720428101655e-05
2018-11-01,la_paz_el_alto,,,1.6000359437468334e-05
2018-12-01,la_paz_el_alto,,,1.5425253444031064e-05
2019-01-01,la_paz_el_alto,14.333966331452785,,1.1831437128044168e-05
2019-02-01,la_paz_el_alto,15.430754702778238,,9.350419956991373e-06
2019-03-01,la_paz_el_alto,16.228261380411624,,9.947073047144532e-06
2019-04-01,la_paz_el_alto,15.179215648158184,,1.3235605810154211e-05
2019-05-01,la_paz_el_alto,15.680115375782222,,1.8671171588221335e-05
2019-06-01,la_paz_el_alto,6.461086821570028,,2.1968011333895777e-05
2019-07-01,la_paz_el_alto,0.0,,2.7037113330928337e-05
2019-08-01,la_paz_el_alto,0.5117598057251982,,3.140955691738529e-05
2019-09-01,la_paz_el_alto,2.178988695582973,,2.3477145364036945e-05
2019-10-01,la_paz_el_alto,2.9119426662969516,,1.3843298904235513e-05
2019-11-01,la_paz_el_alto,-3.4364427486972104,,5.292696018231177e-06
2019-12-01,la_paz_el_alto,-8.015805828904021,,7.1041248617796e-06
2020-01-01,la_paz_el_alto,-10.09611302119513,,1.2580793542332544e-05
2020-02-01,la_paz_el_alto,-10.466534622897328,,1.1421399264497054e-05
2020-03-01,la_paz_el_alto,-13.745821117541013,,1.0861591147373507e-05
2020-04-01,la_paz_el_alto,-13.236404814612435,,6.178678157206626e-06
2020-05-01,la_paz_el_alto,-14.537354163102023,,1.0777462394886434e-05
2020-06-01,la_paz_el_alto,-9.413157423929341,-24.430079352647915,1.7114918359863574e-05
2020-07-01,la_paz_el_alto,-3.8693867794528103,-25.897289325675565,2.586161693192028e-05
2020-08-01,la_paz_el_alto,-5.870391963256338,-29.974082497952637,2.1191450619466384e-05
2020-09-01,la_paz_el_alto,-7.592386299116427,-28.41562046277062,2.495707543537971e-05
2020-10-01,la_paz_el_alto,-9.797396591531538,-30.217469538884245,1.184241241656138e-05
2020-11-01,la_paz_el_alto,-1.0549716256265995,-15.87424424549937,9.788726526032905e-06
2020-12-01,la_paz_el_alto,2.5432962465341546,-3.8693867794528103,1.3817391594003938e-05
2021-01-01,la_paz_el_alto,3.4892792699469766,-6.382151768981537,9.89520906227002e-06
2021-02-01,la_paz_el_alto,3.797755390509394,-9.7713749946994,9.28917184393276e-06
2021-03-01,la_paz_el_alto,5.477272459612514,-12.70933925782849,8.336400955936936e-06
2021-04-01,la_paz_el_alto,3.961271460103255,2.381471123070611,1.764046399987902e-05
2021-05-01,la_paz_el_alto,7.079969305827483,10.559102075438176,1.6597453551247436e-05
2021-06-01,la_paz_el_alto,10.095087711131256,13.585392291142107,1.917233711172164e-05
2021-07-01,la_paz_el_alto,8.072777759463534,14.264290013406722,2.6836879229538895e-05
2021-08-01,la_paz_el_alto,6.33493953337716,19.223093577153527,2.5923240318729647e-05
2021-09-01,la_paz_el_alto,6.641777826477657,17.19767627471569,2.0805913447003145e-05
2021-10-01,la_paz_el_alto,9.041515110026666,21.617323468929506,1.721758252626353e-05
2021-11-01,la_paz_el_alto,9.32952122484405,19.508245135060598,1.4055946963665337e-05
2021-12-01,la_paz_el_alto,9.977233892362491,11.942164538916344,1.08400852994826e-05
2022-01-01,la_paz_el_alto,10.333213553098908,12.205331496633498,8.032614927943418e-06
2022-02-01,la_paz_el_alto,12.085822015172454,14.234164125594084,9.63757960839668e-06
2022-03-01,la_paz_el_alto,13.288406641481387,18.838911701558203,1.1118385141634536e-05
2022-04-01,la_paz_el_alto,14.112872291250333,10.38449285047065,1.8260789080804656e-05
2022-05-01,la_paz_el_alto,16.019985062903253,7.433937645828337,1.793895855115293e-05
2022-06-01,la_paz_el_alto,15.690410127247034,6.843934283151931,2.0009077067646147e-05
2022-07-01,la_paz_el_alto,16.39936378321636,8.28806662466306,3.311843406241306e-05
2022-08-01,la_paz_el_alto,19.35370710494606,7.811134181868873,2.9947625255712592e-05
2022-09-01,la_paz_el_alto,20.43640667175346,10.151600831147078,2.296963496158285e-05
2022-10-01,la_paz_el_alto,17.910007100291025,8.94001575707577,2.1645219769109232e-05
2022-11-01,la_paz_el_alto,18.663101087392953,5.595322416115778,1.3510897545183312e-05
2022-12-01,la_paz_el_alto,22.14004960802267,8.326586023752824,1.1802664412501936e-05
2023-01-01,la_paz_el_alto,25.499380228289326,13.018767571568901,1.1450476196853458e-05
2023-02-01,la_paz_el_alto,26.300759020014652,13.794628845275803,1.0974714524049816e-05
2023-03-01,la_paz_el_alto,26.833051570391575,8.86849199026436,8.210650135911984e-06
2023-04-01,la_paz_el_alto,28.253803318234105,9.333579862548902,1.9987905513531033e-05
2023-05-01,la_paz_el_alto,26.515186881796637,12.16281571566018,2.7226986322069666e-05
2023-06-01,la_paz_el_alto,26.537860838661942,15.166166675190418,2.9943303145528168e-05
2023-07-01,la_paz_el_alto,23.707076717577813,14.214937004842199,3.646144870969624e-05
2023-08-01,la_paz_el_alto,20.377497752694573,13.544644928910188,3.1922948413812895e-05
2023-09-01,la_paz_el_alto,16.157138201982235,14.140931026983772,2.7239369484932797e-05
2023-10-01,la_paz_el_alto,15.214346957484892,10.495201818893385,1.7569257852090653e-05
2023-11-01,la_paz_el_alto,11.171866214881554,10.847450711414908,1.3547709063217628e-05
2023-12-01,la_paz_el_alto,9.611522338127543,7.307712934361454,8.403356497918399e-06
2024-01-01,la_paz_el_alto,10.196723629837834,1.0237906477485126,7.678942501751374e-06
2024-02-01,la_paz_el_alto,8.496995822184772,-4.279268469771225,6.61374990625109e-06
2024-03-01,la_paz_el_alto,6.83055213466357,-2.6956601428061333,7.332358025228613e-06
2024-04-01,la_paz_el_alto,6.457329713877691,-7.491234872511399,1.2305295241782848e-05
2024-05-01,la_paz_el_alto,7.81017127312662,-12.528527269895129,2.2577805369360083e-05
2024-06-01,la_paz_el_alto,7.435158460530822,-15.302656598451492,3.212163701614411e-05
2024-07-01,la_paz_el_alto,10.313546358876735,-17.80376319782988,2.9733910607021216e-05
2024-08-01,la_paz_el_alto,14.880255620893479,-20.002499435728005,2.6136998946636854e-05
2024-09-01,la_paz_el_alto,17.703429736904752,-21.796473604356414,2.6046323970284184e-05
2024-10-01,la_paz_el_alto,20.816967525097496,-18.705015608670017,2.0666037428859405e-05
2024-11-01,la_paz_el_alto,22.378422582458413,-19.10270237813112,1.2951555835861869e-05
2024-12-01,la_paz_el_alto,23.963697298508713,-13.393530358701078,1.1870279521643692e-05
2025-01-01,la_paz_el_alto,18.852800813712633,-5.4972421318010944,1.328302566126588e-05
2025-02-01,la_paz_el_alto,18.521675194953957,1.546291534922517,9.280650997985978e-06
2025-03-01,la_paz_el_alto,19.040263456783535,5.602620567612604,1.0653853885375916e-05
2025-04-01,la_paz_el_alto,19.43001392014363,11.206556367576859,1.4841158252923977e-05
2025-05-01,la_paz_el_alto,19.122180392783683,14.35217496038117,2.730856328261403e-05
2025-06-01,la_paz_el_alto,19.934967395253622,8.6560771838748,1.73956865356428e-05
2025-07-01,la_paz_el_alto,21.592337108198834,10.024679372769185,2.857559670457406e-05
2025-08-01,la_paz_el_alto,19.771234119647474,12.209711322119965,2.781519588947886e-05
2025-09-01,la_paz_el_alto,21.540341013866104,12.972684206265939,2.7293448711656133e-05
2025-10-01,la_paz_el_alto,21.518006538558687,11.312009119657063,1.991656157657399e-05
2025-11-01,la_paz_el_alto,18.742411874825038,12.4998089347228,1.4278435084568702e-05
2025-12-01,la_paz_el_alto,11.375088130800393,11.278790749322098,1.4482226261454284e-05
2026-01-01,la_paz_el_alto,,4.890978498753995,1.0675534150817368e-05
2026-02-01,la_paz_el_alto,,3.8369112769613523,1.1475616985364693e-05
2026-03-01,la_paz_el_alto,,0.701039013461191,1.0625338326863752e-05
2026-04-01,la_paz_el_alto,,-3.6360107076333748,1.0636940807008009e-05
2026-04-01,la_paz_el_alto,,-12.58860916770832,1.128101785169819e-05
2018-07-01,santa_cruz,,,1.3702670518902026e-05
2018-08-01,santa_cruz,,,3.244304385131505e-05
2018-09-01,santa_cruz,,,3.6590493092249344e-05
2018-10-01,santa_cruz,,,2.066736941965478e-05
2018-11-01,santa_cruz,,,1.4756973729417412e-05
2018-12-01,santa_cruz,,,8.488498758683296e-06
2019-01-01,santa_cruz,-1.984020686305854,,1.4519667306765109e-05
2019-02-01,santa_cruz,-0.8134581857534684,,1.0262766765664533e-05
2019-03-01,santa_cruz,-2.8054240234210326,,1.1294356943485756e-05
2019-04-01,santa_cruz,-3.6148258632275443,,1.0019583262093278e-05
2019-05-01,santa_cruz,-2.9900885209576344,,9.304588980598436e-06
2019-06-01,santa_cruz,-1.446277677373864,,1.1463676921917054e-05
2019-07-01,santa_cruz,1.7763568394002505e-13,,1.576919324819544e-05
2019-08-01,santa_cruz,-0.3414375281629134,,2.554521845490459e-05
2019-09-01,santa_cruz,0.9217271065937283,,3.3203664100689825e-05
2019-10-01,santa_cruz,0.960598022604664,,2.227632780089513e-05
2019-11-01,santa_cruz,-0.4074812962727492,,1.7760432104887264e-05
2019-12-01,santa_cruz,-1.9043982847691154,,1.009727394841333e-05
2020-01-01,santa_cruz,-5.040705420731406,,1.3936782847343369e-05
2020-02-01,santa_cruz,-4.985681281222121,,1.1942485173965551e-05
2020-03-01,santa_cruz,-5.9985572253124175,,1.134716264411676e-05
2020-04-01,santa_cruz,-6.526311555408704,,8.50259988810858e-06
2020-05-01,santa_cruz,-7.608042419369099,,7.7747218197334e-06
2020-06-01,santa_cruz,-6.749666580329183,-3.056684734425552,7.868179009408755e-06
2020-07-01,santa_cruz,-3.9874757558107987,-4.172223095468652,1.587366011532482e-05
2020-08-01,santa_cruz,-6.83454997448294,-3.193133201891385,2.2621596361829977e-05
2020-09-01,santa_cruz,-6.587551375000977,-2.9114856921811594,3.1166061013001244e-05
2020-10-01,santa_cruz,-6.548792718889018,-4.617953898411464,1.956450348006579e-05
2020-11-01,santa_cruz,-4.73743358221288,-5.303388902955319,1.9687386828643275e-05
2020-12-01,santa_cruz,0.08923586472278089,-3.9874757558109764,1.4065547678115783e-05
2021-01-01,santa_cruz,3.805891431667341,-6.493112446320026,9.903445102491678e-06
2021-02-01,santa_cruz,4.048453088345383,-7.509278481594706,1.230175649639254e-05
2021-03-01,santa_cruz,6.262295455405997,-7.509390741493682,1.140006165941394e-05
2021-04-01,santa_cruz,5.922623596302934,-4.329952285940131,1.056699096373216e-05
2021-05-01,santa_cruz,8.014979955075852,1.9936341494918963,1.38748522682861e-05
2021-06-01,santa_cruz,7.808702296857994,8.846596852398747,1.2290484190071196e-05
2021-07-01,santa_cruz,8.756877974458455,9.034134369567504,1.63424911967721e-05
2021-08-01,santa_cruz,12.874288760296615,12.260852680718415,2.9505188382979625e-05
2021-09-01,santa_cruz,14.00771882337395,12.448935151711638,2.9921254826265636e-05
2021-10-01,santa_cruz,14.823397035732455,15.62302237444495,2.5148534901254428e-05
2021-11-01,santa_cruz,14.076976256883,14.558368877187178,1.9206040697192942e-05
2021-12-01,santa_cruz,14.402255123108354,12.744353730269253,1.5760541793083984e-05
2022-01-01,santa_cruz,16.24892532065001,19.708838734779555,1.623179512965274e-05
2022-02-01,santa_cruz,16.707065506984975,20.595270198374926,1.409406327419663e-05
2022-03-01,santa_cruz,16.40646639786283,21.372189754621473,1.2572352406321671e-05
2022-04-01,santa_cruz,19.07616078660368,18.81440983909588,9.661651427647569e-06
2022-05-01,santa_cruz,18.71806752629208,14.313019258385573,1.442714463469654e-05
2022-06-01,santa_cruz,18.466296086742062,12.443033888982669,1.5339416287970224e-05
2022-07-01,santa_cruz,19.30154003705624,12.658612418639592,1.7266105502154854e-05
2022-08-01,santa_cruz,17.27569983859336,10.144170942456832,2.8459847440975493e-05
2022-09-01,santa_cruz,14.275634405134952,13.153537190300746,4.122036450157947e-05
2022-10-01,santa_cruz,13.15401122983726,10.70308757121623,2.4090762040457223e-05
2022-11-01,santa_cruz,13.236478796545903,10.657593789884068,1.863445481346271e-05
2022-12-01,santa_cruz,9.630359310089176,10.544662062597787,1.7422086417055705e-05
2023-01-01,santa_cruz,5.782636144388853,4.401411078296746,1.2728851101527428e-05
2023-02-01,santa_cruz,5.672326828484309,0.2679155817610024,9.833017075253513e-06
2023-03-01,santa_cruz,6.291848456221949,-1.669385805895196,1.0989116441037196e-05
2023-04-01,santa_cruz,6.050907844701214,-0.8404974603370974,9.75773883518855e-06
2023-05-01,santa_cruz,9.502296979149527,-4.771895813019178,9.35936211272543e-06
2023-06-01,santa_cruz,11.184619423050357,-10.466289176261157,9.66681575083312e-06
2023-07-01,santa_cruz,9.960423171514776,-11.034738678500666,1.7039058069903175e-05
2023-08-01,santa_cruz,10.260622676594444,-10.11461794164088,3.0656258299828615e-05
2023-09-01,santa_cruz,12.672859569744155,-13.025252941902465,4.00456296364152e-05
2023-10-01,santa_cruz,12.828397515663248,-9.215770547142554,3.645195693884564e-05
2023-11-01,santa_cruz,13.184480462912695,-7.281676663691705,2.280297408365015e-05
2023-12-01,santa_cruz,13.309832051119486,-9.341116865541466,1.504183298992948e-05
2024-01-01,santa_cruz,12.729939557052639,-7.015077161998917,1.3195753824119349e-05
2024-02-01,santa_cruz,15.049484624554843,-1.6027748353907967,1.313413070668542e-05
2024-03-01,santa_cruz,15.158212701589768,-0.3256137141740112,1.119614947219626e-05
2024-04-01,santa_cruz,16.73903372650596,-0.051998333633207494,1.0183722889758516e-05
2024-05-01,santa_cruz,14.986373752853233,3.6794727410303096,9.501211610315004e-06
2024-06-01,santa_cruz,12.989607906183487,6.947303412663786,9.017001622101054e-06
2024-07-01,santa_cruz,11.734481828796817,9.377157796070534,2.250761396443121e-05
2024-08-01,santa_cruz,12.257360836650655,8.86636424536782,3.1058862573430664e-05
2024-09-01,santa_cruz,12.728993670696376,10.688125881804744,4.8410564653279136e-05
2024-10-01,santa_cruz,10.649912409344786,5.4840767737037055,2.95379521035684e-05
2024-11-01,santa_cruz,10.173419655125393,1.8049884831331298,1.7944417577899748e-05
2024-12-01,santa_cruz,11.221602241372608,1.7740586572820405,1.2938664234794e-05
2025-01-01,santa_cruz,10.999049893752932,1.9967381600562106,1.4050255473669164e-05
2025-02-01,santa_cruz,9.207404569607114,0.05613410095222093,1.389890666133782e-05
2025-03-01,santa_cruz,8.122640654855928,-2.178485106318462,8.724020260312696e-06
2025-04-01,santa_cruz,5.76252766010299,-3.0110608077873025,9.61776125697884e-06
2025-05-01,santa_cruz,3.5235409427526676,-2.0882298097468777,1.077470479880422e-05
2025-06-01,santa_cruz,1.2106147215204643,-1.7308896632997062,8.779378178959934e-06
2025-07-01,santa_cruz,0.44094062928152766,-5.842080054947729,1.815336987440828e-05
2025-08-01,santa_cruz,-0.24454954115213923,-7.03557204673384,2.7267963828413827e-05
2025-09-01,santa_cruz,0.08773209362242795,-10.976506066402969,3.647052895278255e-05
2025-10-01,santa_cruz,3.2130495449644414,-11.462832810100565,2.2578486822201657e-05
2025-11-01,santa_cruz,1.0541001153457685,-11.778993184663022,1.359535134673553e-05
2025-12-01,santa_cruz,-0.1992059392101453,-11.293541199515289,1.1797164017323344e-05
2026-01-01,santa_cruz,,-12.501910377802794,1.29407566144592e-05
2026-02-01,santa_cruz,,-12.641261577073948,1.44643062366176e-05
2026-03-01,santa_cruz,,-7.436862864380345,1.2693858132376012e-05
2026-04-01,santa_cruz,,-9.119319539779625,7.422660779139769e-06
2026-04-01,santa_cruz,,-11.420808180582753,9.270195901525397e-06
2018-07-01,cochabamba,,,5.1699243018528845e-05
2018-08-01,cochabamba,,,5.209026600085948e-05
2018-09-01,cochabamba,,,4.717108557925864e-05
2018-10-01,cochabamba,,,3.0316346031934313e-05
2018-11-01,cochabamba,,,2.5022825262688385e-05
2018-12-01,cochabamba,,,2.4697098696587416e-05
2019-01-01,cochabamba,1.6646053879126654,,2.3048676661323616e-05
2019-02-01,cochabamba,2.1595321118279998,,2.7446414124652892e-05
2019-03-01,cochabamba,3.7114444005782232,,2.5248852422369984e-05
2019-04-01,cochabamba,4.25896478368184,,2.9481994687303743e-05
2019-05-01,cochabamba,2.8297540773754903,,4.7831489347103986e-05
2019-06-01,cochabamba,-0.18933858998142483,,5.452997700392357e-05
2019-07-01,cochabamba,0.0,,5.48627354404404e-05
2019-08-01,cochabamba,0.43201147387019745,,6.275307450811959e-05
2019-09-01,cochabamba,0.19394720067129612,,5.037442255091469e-05
2019-10-01,cochabamba,-0.6596241377957668,,2.5538363058295855e-05
2019-11-01,cochabamba,-8.780934988357991,,1.7417880590992817e-05
2019-12-01,cochabamba,-18.380998749791466,,2.5264655567433666e-05
2020-01-01,cochabamba,-23.833072299560598,,2.427506599957444e-05
2020-02-01,cochabamba,-28.951534549998215,,2.667342666071053e-05
2020-03-01,cochabamba,-33.11527718166172,,2.279069059750775e-05
2020-04-01,cochabamba,-33.59981583506961,,1.1125307024242807e-05
2020-05-01,cochabamba,-33.876743578431956,,1.5114832465517031e-05
2020-06-01,cochabamba,-30.76642412578554,-25.497677687473264,2.8346448848479773e-05
2020-07-01,cochabamba,-32.43079127178454,-31.111066661826214,2.968431751092476e-05
2020-08-01,cochabamba,-33.64047365628142,-36.82672158223994,3.807502126017624e-05
2020-09-01,cochabamba,-34.919124767669985,-37.85878061875145,4.752894618399159e-05
2020-10-01,cochabamba,-35.326043227288295,-36.706497655807446,2.470363567428587e-05
2020-11-01,cochabamba,-28.08393105692204,-30.577085535804116,2.5298260364422538e-05
2020-12-01,cochabamba,-21.856678045515032,-32.43079127178454,2.069065912310979e-05
2021-01-01,cochabamba,-20.28916422569793,-34.07248513015162,2.0995074169733274e-05
2021-02-01,cochabamba,-15.639115137599369,-35.11307196834128,2.2879233848080947e-05
2021-03-01,cochabamba,-13.806008424680805,-34.66641908949253,2.170455031065176e-05
2021-04-01,cochabamba,-14.791392068269893,-19.30299606856405,2.652999250927018e-05
2021-05-01,cochabamba,-14.128962581575344,-3.475679295723566,3.1910876428494785e-05
2021-06-01,cochabamba,-15.258774441189438,3.543908073862667,3.421292236490519e-05
2021-07-01,cochabamba,-14.461648743189137,13.312419412398846,5.1863992693176875e-05
2021-08-01,cochabamba,-15.4880554188642,19.309268756980913,4.744310780216983e-05
2021-09-01,cochabamba,-15.102294981253195,18.80842376679972,4.222839582284231e-05
2021-10-01,cochabamba,-14.102313581341619,19.747780996856612,2.6747525502836524e-05
2021-11-01,cochabamba,-12.626429045285903,15.507649684596103,2.2090733234143995e-05
2021-12-01,cochabamba,-11.212833202929318,17.969142528595405,2.276757630850589e-05
2022-01-01,cochabamba,-9.469809995824008,18.152418237417223,1.8562047622893177e-05
2022-02-01,cochabamba,-9.939168960402078,19.81682978641679,2.3963238641829087e-05
2022-03-01,cochabamba,-8.89709907346159,21.223729645946676,2.447175751892276e-05
2022-04-01,cochabamba,-9.713676580387443,15.457502011636137,3.16703854128277e-05
2022-05-01,cochabamba,-8.282119781016739,10.643844842585715,3.781018106233337e-05
2022-06-01,cochabamba,-6.8251259678891785,10.819354229873923,4.2172409524469575e-05
2022-07-01,cochabamba,-7.209548499658958,5.69994617719729,4.902359394181677e-05
2022-08-01,cochabamba,-4.087138946624513,4.908909351219215,5.3762685536350605e-05
2022-09-01,cochabamba,-5.650609902373738,5.07771548788245,3.828673841415604e-05
2022-10-01,cochabamba,-7.2502429868167795,5.846842800558605,3.1760671541870066e-05
2022-11-01,cochabamba,-7.63391210902693,8.43364847330026,2.631127270965949e-05
2022-12-01,cochabamba,-6.203365760680235,7.25210024353018,2.174114891523801e-05
2023-01-01,cochabamba,-4.407528224167301,11.400916472239686,2.699922581693069e-05
2023-02-01,cochabamba,-2.6937817854433277,9.451685078879457,1.9863908028059898e-05
2023-03-01,cochabamba,-1.573340061175621,6.8520705945248395,2.019759884243925e-05
2023-04-01,cochabamba,-0.6245232223367481,4.992516936258973,3.0245328278072043e-05
2023-05-01,cochabamba,-0.7896778942042104,5.009467442249083,4.489129804189606e-05
2023-06-01,cochabamba,-3.4198151130841126,5.062281771656707,5.231414057783971e-05
2023-07-01,cochabamba,-5.334870891918442,7.245387174958751,6.021679281832945e-05
2023-08-01,cochabamba,-7.205088657831205,7.323759012285969,6.149972209689129e-05
2023-09-01,cochabamba,-9.29290095512787,9.089153358050694,4.2903851539601296e-05
2023-10-01,cochabamba,-9.15361300475368,7.492441886812529,3.113741714971245e-05
2023-11-01,cochabamba,-8.490931672387525,3.405310854805066,1.9189840554911392e-05
2023-12-01,cochabamba,-9.023678037360305,1.8746776077405158,1.727741288430299e-05
2024-01-01,cochabamba,-8.763008593865074,-3.117949711206691,2.1571695465085607e-05
2024-02-01,cochabamba,-10.122596824850127,-3.642291052754132,1.5461714597920784e-05
2024-03-01,cochabamba,-11.062806725963448,-1.9033700179369006,2.0538029850449538e-05
2024-04-01,cochabamba,-10.786460328485958,-0.8570195633605948,3.2748707489913624e-05
2024-05-01,cochabamba,-9.8328453391753,-2.8203122766800703,4.211122804928175e-05
2024-06-01,cochabamba,-7.51671933543463,-4.355480369697773,5.3976406913529665e-05
2024-07-01,cochabamba,-4.510700916146426,-7.4288150394068,5.1151953137128894e-05
2024-08-01,cochabamba,-3.3855265259681744,-9.489466664787827,5.4938120383767064e-05
2024-09-01,cochabamba,-1.5605583777428933,-10.16193710614921,4.435046391777956e-05
2024-10-01,cochabamba,-2.326616617801669,-9.04316744497109,3.491246813337524e-05
2024-11-01,cochabamba,-4.234280264416945,-4.096904222350517,2.533827559012776e-05
2024-12-01,cochabamba,-4.139141470692209,0.8241699757720156,2.4782115532561915e-05
2025-01-01,cochabamba,-7.320659446757816,3.81956213186303,2.469011564084862e-05
2025-02-01,cochabamba,-7.1234230780840235,7.732342577384976,1.924715235585203e-05
2025-03-01,cochabamba,-8.081863512849985,6.826996386952011,1.8734210545235032e-05
2025-04-01,cochabamba,-9.240424691600602,4.25665140797058,2.6048074703991073e-05
2025-05-01,cochabamba,-9.671287602574985,4.884536566668096,4.2594752284829495e-05
2025-06-01,cochabamba,-10.752123090762566,1.442349147107258,3.684665661556525e-05
2025-07-01,cochabamba,-10.627438273511025,2.999173746766104,5.2377077347154936e-05
2025-08-01,cochabamba,-12.364030726448405,2.9809432131134628,4.896935115340303e-05
2025-09-01,cochabamba,-10.57994219572489,1.5460356368853567,3.859396154707986e-05
2025-10-01,cochabamba,-6.4488130773737495,0.16155773660031514,3.3153240655924305e-05
2025-11-01,cochabamba,-6.529529225166719,-3.235403755327937,2.2256094096591164e-05
2025-12-01,cochabamba,-12.469011312579603,-6.116737357364599,2.5155697790891053e-05
2026-01-01,cochabamba,,-8.97850420048023,2.0045644389177504e-05
2026-02-01,cochabamba,,-9.019383817981996,2.384211951109081e-05
2026-03-01,cochabamba,,-4.122196459572081,3.075605199077136e-05
2026-04-01,cochabamba,,-2.295248960749774,2.579699261998888e-05
2026-04-01,cochabamba,,-8.329869841887394,2.088420662413038e-05
2018-07-01,sucre,,,1.3976917483720152e-05
2018-08-01,sucre,,,1.9189686598570173e-05
2018-09-01,sucre,,,1.8365382341313308e-05
2018-10-01,sucre,,,1.6911488373717163e-05
2018-11-01,sucre,,,1.1332776123608331e-05
2018-12-01,sucre,,,8.473255808759341e-06
2019-01-01,sucre,2.021137925234129,,1.030649608203982e-05
2019-02-01,sucre,3.6358494686346887,,9.471835679379422e-06
2019-03-01,sucre,4.286918989627964,,6.091404268660343e-06
2019-04-01,sucre,5.419368259175172,,7.427045547876199e-06
2019-05-01,sucre,0.6277919059838766,,1.2330866269449537e-05
2019-06-01,sucre,-1.4727293009965337,,1.8836644379875363e-05
2019-07-01,sucre,3.552713678800501e-13,,1.6965342776847746e-05
2019-08-01,sucre,2.7274650638871023,,2.0749067811245897e-05
2019-09-01,sucre,3.3653579824200364,,2.1038653957545997e-05
2019-10-01,sucre,4.938004322314171,,9.516279979902093e-06
2019-11-01,sucre,4.118453869558891,,8.807789710782653e-06
2019-12-01,sucre,-1.3550246694700618,,1.0111186082736946e-05
2020-01-01,sucre,-8.304729127331179,,1.4297292614429952e-05
2020-02-01,sucre,-12.655523460911411,,1.0225349478555678e-05
2020-03-01,sucre,-14.93052438952791,,7.356587732371205e-06
2020-04-01,sucre,-15.313518588092201,,6.731392873356837e-06
2020-05-01,sucre,-11.456471005043944,,6.393540265160004e-06
2020-06-01,sucre,-10.35494504526362,-10.325867052565307,8.181206281099729e-06
2020-07-01,sucre,-9.2638960876684,-16.2913729295461,1.0065133098961366e-05
2020-08-01,sucre,-12.629112529352682,-19.217443379155874,1.5791964101401203e-05
2020-09-01,sucre,-11.650842129959393,-20.732886847267373,2.009361507404836e-05
2020-10-01,sucre,-8.906753697295144,-12.084262911027821,1.5117450275967033e-05
2020-11-01,sucre,-8.99882397645655,-8.882215744267086,1.0052482706921224e-05
2020-12-01,sucre,-5.7149885849568705,-9.263896087668755,1.1525571999460722e-05
2021-01-01,sucre,-4.320792873631696,-15.356577593239784,9.54716468393264e-06
2021-02-01,sucre,-2.670355682512948,-15.01620011237943,1.1499025907704972e-05
2021-03-01,sucre,-3.1265898679023962,-13.844758019609316,1.0225522632594804e-05
2021-04-01,sucre,-3.850429771228825,-13.11727784601544,6.657430861386949e-06
2021-05-01,sucre,-9.6816793633959,-4.359963915486809,9.4815555850618e-06
2021-06-01,sucre,-12.477000563786333,3.9839362536994827,9.671110013025742e-06
2021-07-01,sucre,-13.299645385042602,9.985167778398463,1.2269662422051328e-05
2021-08-01,sucre,-11.773661022559345,11.803934521625514,1.4950625033559603e-05
2021-09-01,sucre,-14.180919594486774,11.463088816863376,1.842192107347328e-05
2021-10-01,sucre,-14.625292663845357,1.7747916416480436,7.508981015857574e-06
2021-11-01,sucre,-14.126067135855358,-2.122055518522714,7.187770897244006e-06
2021-12-01,sucre,-14.210265411168344,-4.035749297374203,1.0442153553888867e-05
2022-01-01,sucre,-12.635111817279565,0.8554515067933366,1.1465727200602184e-05
2022-02-01,sucre,-13.232547095710956,-2.5300774645273805,8.61402164563632e-06
2022-03-01,sucre,-12.229109181866171,-5.718538966550213,9.694532293624568e-06
2022-04-01,sucre,-13.350918897367592,-5.127243159398809,7.0684464465215335e-06
2022-05-01,sucre,-9.038137477520891,-8.495276826211473,9.386238253933616e-06
2022-06-01,sucre,-5.814617876578154,-8.31431894364787,1.168331228796214e-05
2022-07-01,sucre,-10.904886703046834,-10.562191413198008,1.1420814369129971e-05
2022-08-01,sucre,-14.747812049428788,-9.102519313963775,1.6863738349144097e-05
2022-09-01,sucre,-16.546357029884895,-9.500489126138767,1.610168866208663e-05
2022-10-01,sucre,-19.236592489752624,0.6435418858750097,1.2599202815074274e-05
2022-11-01,sucre,-18.244997714314337,6.662382687208179,1.0582518563464812e-05
2022-12-01,sucre,-15.951615427360366,2.394758681995768,5.669033139775965e-06
2023-01-01,sucre,-14.774629745032897,-2.9741510268694427,7.229799474669218e-06
2023-02-01,sucre,-12.53957176654552,-2.365437435398121,6.941833285555563e-06
2023-03-01,sucre,-10.681820850029666,-4.611299825907267,7.0197934205150074e-06
2023-04-01,sucre,-10.198435765635594,-4.118930578458979,7.961616761648801e-06
2023-05-01,sucre,-11.819607567527513,-1.7413500161920226,1.235981489090751e-05
2023-06-01,sucre,-13.215801097476998,-2.1395179277533316,1.34556595963542e-05
2023-07-01,sucre,-11.402469643651969,0.692975329165435,1.4934059396702773e-05
2023-08-01,sucre,-12.544106206106775,1.547288331836505,2.1075174143085146e-05
2023-09-01,sucre,-10.809647079671869,3.152483131731998,1.7063306896450377e-05
2023-10-01,sucre,-10.80812449236408,-2.7814700900066214,1.037182429366318e-05
2023-11-01,sucre,-10.564440045503787,-7.401183220898844,8.950059890888863e-06
2023-12-01,sucre,-10.031443514485971,-0.49758294060513464,7.047115298515806e-06
2024-01-01,sucre,-9.429786884411051,2.2037058433220125,6.30419265670607e-06
2024-02-01,sucre,-8.848278265049814,5.736709950213026,8.548031281746297e-06
2024-03-01,sucre,-11.339630930918432,8.428467997388545,7.021076127497267e-06
2024-04-01,sucre,-11.490950851347925,7.68055766881055,8.197868845617403e-06
2024-05-01,sucre,-8.493983690451934,5.920171912874395,1.317617216269908e-05
2024-06-01,sucre,-7.7700629726400905,5.344842860621846,1.4463071402443522e-05
2024-07-01,sucre,-9.380745452615358,3.691293501495707,1.601339411470546e-05
2024-08-01,sucre,-6.413873871137099,-0.6578100808887655,1.5629082585520076e-05
2024-09-01,sucre,-5.3764719280680495,-1.2925150857123313,1.6756260874940553e-05
2024-10-01,sucre,-5.707111904392015,3.3256238770755786,1.4860831397190008e-05
2024-11-01,sucre,-6.249340228240996,5.4457381248369074,9.762326179799922e-06
2024-12-01,sucre,-7.387161031108214,2.0217241910366113,5.808581877217955e-06
2025-01-01,sucre,-12.542355792728088,6.130232334969676,9.000134331002075e-06
2025-02-01,sucre,-13.041043536338393,5.43317515160382,9.681232621932184e-06
2025-03-01,sucre,-13.481558963331963,5.101012587972065,6.747956401056351e-06
2025-04-01,sucre,-14.746656440804351,4.315099817262791,7.681438426608486e-06
2025-05-01,sucre,-14.913227578669996,2.644282483377758,1.1494533365538912e-05
2025-06-01,sucre,-16.603981822529512,-3.112568908317037,7.791046810341272e-06
2025-07-01,sucre,-11.39548350774966,-4.192765271288579,1.508322161901025e-05
2025-08-01,sucre,-10.165344209740113,-2.1419280324135315,1.4824357362686266e-05
2025-09-01,sucre,-8.901204322997813,-3.2557055894564257,1.4396142297914368e-05
2025-10-01,sucre,-7.147422110647028,-6.4192438882180625,1.4566734203921914e-05
2025-11-01,sucre,-7.234277665524047,-8.833918849889422,7.969647001023669e-06
2025-12-01,sucre,-13.505732955160177,-2.014738055134302,1.0852074455312708e-05
2026-01-01,sucre,-10.2801879370638,-3.7514703386030135,1.043177272538033e-05
2026-02-01,sucre,,-3.5247323949297638,1.1267089205533626e-05
2026-03-01,sucre,,-1.4403102062550133,8.328584961067336e-06
2026-04-01,sucre,,-0.984937437283051,7.601793134157951e-06
2026-04-01,sucre,,-6.118571924051963,5.415671759539406e-06
2026-05-01,sucre,,2.2621678556642877,1.1473506922111086e-05
2018-07-01,oruro,,,6.192971338359651e-06
2018-08-01,oruro,,,1.0941691105288007e-05
2018-09-01,oruro,,,1.0039790427659562e-05
2018-10-01,oruro,,,1.0916360448724264e-05
2018-11-01,oruro,,,1.060281500768424e-05
2018-12-01,oruro,,,8.389344416918007e-06
2019-01-01,oruro,4.758500693397849,,8.520585438228103e-06
2019-02-01,oruro,7.870974232689143,,8.089131924460315e-06
2019-03-01,oruro,8.907737856479336,,7.254031366646674e-06
2019-04-01,oruro,10.849410604905252,,6.811321626337296e-06
2019-05-01,oruro,6.2360137523894466,,5.701160904540143e-06
2019-06-01,oruro,0.8337956821797832,,8.152454125461835e-06
2019-07-01,oruro,1.7763568394002505e-13,,8.99718561141669e-06
2019-08-01,oruro,1.4113732991802408,,1.2391267614737572e-05
2019-09-01,oruro,-0.9435433954079642,,1.2674054741867309e-05
2019-10-01,oruro,-3.1887088179482603,,6.2755115287373665e-06
2019-11-01,oruro,-6.900901931281567,,5.544760147321889e-06
2019-12-01,oruro,-11.522693829853203,,7.59057159049324e-06
2020-01-01,oruro,-16.2193127470033,,1.0093078054845564e-05
2020-02-01,oruro,-16.15642295427957,,6.097820545237442e-06
2020-03-01,oruro,-18.672140360463096,,5.540792351090681e-06
2020-04-01,oruro,-17.46051365830983,,4.362839030109429e-06
2020-05-01,oruro,-16.681312197642306,,3.274138541549525e-06
2020-06-01,oruro,-20.57815384876225,-20.97781344040115,4.640048095323474e-06
2020-07-01,oruro,-27.32722404086605,-24.027397186968713,9.065342205764772e-06
2020-08-01,oruro,-28.506143288089625,-27.579878216942433,9.162379458536266e-06
2020-09-01,oruro,-26.3159888230442,-28.30992426321508,1.4657500359400724e-05
2020-10-01,oruro,-23.808014485289597,-22.917325950031753,6.890606970098488e-06
2020-11-01,oruro,-20.78113095240397,-21.41194953094203,3.4737418852945854e-06
2020-12-01,oruro,-15.674503140392204,-27.327224040866227,3.377103785184828e-06
2021-01-01,oruro,-13.383858656079362,-29.917516587269866,8.761608774312874e-06
2021-02-01,oruro,-13.631966604098444,-25.372445427636237,7.930768611494456e-06
2021-03-01,oruro,-13.745722851930964,-20.619305667341337,7.486447865167086e-06
2021-04-01,oruro,-15.681673129684803,-13.880229021122403,6.273591659489671e-06
2021-05-01,oruro,-17.75968204506171,-4.151809310539001,6.042695161300651e-06
2021-06-01,oruro,-14.107015748387575,2.835454090923939,6.1080163836143975e-06
2021-07-01,oruro,-5.320605959260938,2.5244563501811257,8.799418501750195e-06
2021-08-01,oruro,-7.449654048263987,4.926417508532133,9.038155910816274e-06
2021-09-01,oruro,-9.043166814114478,1.7788405286250253,1.1618958774059738e-05
2021-10-01,oruro,-11.237015585584054,-1.0783698474194026,5.369839960991214e-06
2021-11-01,oruro,-13.952381936656444,6.471138100374674,5.38465004591394e-06
2021-12-01,oruro,-13.25600670877467,22.00661808160511,9.69284174435615e-06
2022-01-01,oruro,-12.221387505500836,21.056489239825638,6.786217841425489e-06
2022-02-01,oruro,-11.67679704420621,17.272822008929722,6.5504151123757216e-06
2022-03-01,oruro,-10.181244183868365,12.570998899705543,5.753639333435318e-06
2022-04-01,oruro,-12.212875732338802,6.828749015747526,4.52901764678787e-06
2022-05-01,oruro,-9.642137644726922,2.418496431617534,6.5693517439900715e-06
2022-06-01,oruro,-7.7484087873115115,1.1624711505785257,6.9154384867880955e-06
2022-07-01,oruro,-9.71944574912893,1.9551695598922336,9.393674106231987e-06
2022-08-01,oruro,-8.199619066794206,3.5644786680625984,1.0814864221382535e-05
2022-09-01,oruro,-7.356227954124428,3.468797397346002,9.105169737444455e-06
2022-10-01,oruro,-6.975829029829583,8.117544400334786,7.310317278472519e-06
2022-11-01,oruro,-3.128724210830569,6.358606961076063,6.758491975053247e-06
2022-12-01,oruro,0.9785175725346207,-4.398839789867992,7.651205469693299e-06
2023-01-01,oruro,5.9529086378944385,-0.7499650185302187,8.143930853775769e-06
2023-02-01,oruro,8.511396638113666,1.6869388599900503,7.248070946336238e-06
2023-03-01,oruro,9.521387573338735,4.26118655575447,6.022367491748447e-06
2023-04-01,oruro,12.18798478594696,10.823657725825875,7.1861649245686904e-06
2023-05-01,oruro,11.157987140795633,14.234524281309291,1.075406876281468e-05
2023-06-01,oruro,10.516010735579329,18.174296143395274,1.2562086902674902e-05
2023-07-01,oruro,8.357175566106179,20.188193682319877,1.2769443052317794e-05
2023-08-01,oruro,6.908159103685385,19.7026317572071,1.2208353333370226e-05
2023-09-01,oruro,6.063478654291998,24.40086051828576,1.253887753887878e-05
2023-10-01,oruro,1.9896110923427912,20.800124785522556,6.460372371300586e-06
2023-11-01,oruro,2.477640349915333,18.26441952289084,6.257386562599834e-06
2023-12-01,oruro,-0.3105855353853215,18.07662131523511,5.905020922491007e-06
2024-01-01,oruro,-1.8132851155455043,15.107778170479591,6.8441275583040125e-06
2024-02-01,oruro,-4.056677905728101,13.419706608416426,6.549401707883573e-06
2024-03-01,oruro,-5.032911380646432,8.965440122172375,3.6936544936339375e-06
2024-04-01,oruro,-7.471915598740075,5.606364560745902,7.619579238682607e-06
2024-05-01,oruro,-3.713703916861455,-1.2891031079199422,7.695971932194529e-06
2024-06-01,oruro,0.09943707244826072,-7.766193753439943,1.0489338415326275e-05
2024-07-01,oruro,3.544259570777797,-12.568074543841767,9.755662840030145e-06
2024-08-01,oruro,4.646413237795066,-14.554298953985167,1.085876295790468e-05
2024-09-01,oruro,6.068297413369983,-19.659900384687035,9.357269375787691e-06
2024-10-01,oruro,9.666599173569068,-14.871691057657088,1.014186960719297e-05
2024-11-01,oruro,10.005628440418413,-10.416573663131068,9.888174365848594e-06
2024-12-01,oruro,12.830024113412897,-4.812915995328382,8.92790435472205e-06
2025-01-01,oruro,7.641467399341373,-2.261745865890319,7.811909544277322e-06
2025-02-01,oruro,9.462050289274693,0.00481875907798468,7.76789958563385e-06
2025-03-01,oruro,8.48914959980167,7.676988081226277,5.688306388694651e-06
2025-04-01,oruro,9.885655153293094,7.527988090503079,7.935962638929333e-06
2025-05-01,oruro,9.948374953349237,13.140609648798218,1.0800846892758124e-05
2025-06-01,oruro,8.814682351027692,9.454752514886877,5.6278784778754125e-06
2025-07-01,oruro,12.55790357942388,13.518728195002794,1.2137718885868642e-05
2025-08-01,oruro,13.824402035345962,13.522060980448103,9.662228519020469e-06
2025-09-01,oruro,13.009494232905894,17.35757075203317,1.106441586626239e-05
2025-10-01,oruro,17.519157530236917,13.662078870210692,1.0218489103152135e-05
2025-11-01,oruro,17.12996336413113,8.715245278579431,8.63044805769297e-06
2025-12-01,oruro,13.806296099620319,9.013644008646082,1.3990356068987165e-05
2026-01-01,oruro,,9.177988797550896,9.0941308925361e-06
2026-02-01,oruro,,6.941196819535911,7.044244271203555e-06
2026-03-01,oruro,,7.852558356667849,9.772498376291784e-06
2026-04-01,oruro,,7.124334923712716,7.573848769656831e-06
2026-04-01,oruro,,0.9762719862074221,7.248426967394365e-06
2018-07-01,potosi,,,5.397828434869555e-06
2018-08-01,potosi,,,1.0612172732254325e-05
2018-09-01,potosi,,,1.1186030246895736e-05
2018-10-01,potosi,,,6.869446017732881e-06
2018-11-01,potosi,,,7.727582291940237e-06
2018-12-01,potosi,,,7.96878636471609e-06
2019-01-01,potosi,-6.217463607657692,,5.612667951049627e-06
2019-02-01,potosi,-0.47852162615313887,,7.600233305585156e-06
2019-03-01,potosi,2.643782727727384,,6.593042856247485e-06
2019-04-01,potosi,4.589343533463719,,6.986136867300653e-06
2019-05-01,potosi,6.143608101147713,,7.665735251495101e-06
2019-06-01,potosi,2.1932724215401933,,8.180177998530342e-06
2019-07-01,potosi,0.0,,1.0747463452016734e-05
2019-08-01,potosi,5.8142959062939426,,1.5435626329868365e-05
2019-09-01,potosi,6.913206462464672,,1.41276376669125e-05
2019-10-01,potosi,6.130937974337591,,8.277948841238848e-06
2019-11-01,potosi,1.3161533673599735,,4.810282252004884e-06
2019-12-01,potosi,-4.814353249422965,,6.124759652047422e-06
2020-01-01,potosi,-8.983492146894534,,1.127673423343737e-05
2020-02-01,potosi,-12.634952966290491,,8.671555718524163e-06
2020-03-01,potosi,-15.894750135194968,,6.002300196226788e-06
2020-04-01,potosi,-17.13537638376952,,3.9202427778524275e-06
2020-05-01,potosi,-17.038005691972025,,3.673333781019571e-06
2020-06-01,potosi,-14.040657641778509,-2.766028539236842,4.9600570510219215e-06
2020-07-01,potosi,-14.621231004278101,-12.156431340137352,6.93439957070427e-06
2020-08-01,potosi,-21.79398065460525,-18.538532862922352,1.0438517551706204e-05
2020-09-01,potosi,-21.28376015562381,-21.724719917233237,1.2173456043491468e-05
2020-10-01,potosi,-23.791302083721888,-23.181613793119737,8.375239683575669e-06
2020-11-01,potosi,-19.96415313985711,-16.233930063318702,6.8925252593629315e-06
2020-12-01,potosi,-17.98490977793037,-14.621231004278101,5.712579721113195e-06
2021-01-01,potosi,-15.086833731113103,-27.608276560899192,4.768404334182504e-06
2021-02-01,potosi,-15.19581397288654,-28.19696661808848,9.21907467167866e-06
2021-03-01,potosi,-14.041091525905713,-29.92224005805948,4.442590847305705e-06
2021-04-01,potosi,-13.502194530291689,-21.280306507217084,6.20534773556965e-06
2021-05-01,potosi,-16.715698273560164,-13.170556528507404,4.65810559293479e-06
2021-06-01,potosi,-27.62731966762786,-6.103341584218569,7.022971144898147e-06
2021-07-01,potosi,-23.221725512718194,-2.560861006596049,6.844304464911119e-06
2021-08-01,potosi,-33.49326214587087,1.8536586092892549,1.1989955637169127e-05
2021-09-01,potosi,-38.567810548715364,3.6331818534778293,1.2986696492117512e-05
2021-10-01,potosi,-39.69354920511954,0.32230741841186017,5.695402366787269e-06
2021-11-01,potosi,-40.07760531734661,-13.58666202584935,1.860867843398463e-06
2021-12-01,potosi,-37.396868454864496,-8.600494508440093,9.692399389513562e-06
2022-01-01,potosi,-35.954393382871075,-11.699281491265623,1.3901717933189887e-06
2022-02-01,potosi,-33.00176033076241,-17.284050393091555,5.014475667976172e-06
2022-03-01,potosi,-34.09538152228073,-15.90224712139765,3.881218270755358e-06
2022-04-01,potosi,-35.92545970467658,-20.1134521774895,5.925853485345168e-06
2022-05-01,potosi,-32.81140331363659,-19.411958676934127,6.425646600067197e-06
2022-06-01,potosi,-21.7583517413523,-20.867559651757972,8.350182351690742e-06
2022-07-01,potosi,-27.19806900327857,-17.805946357875868,9.754539902783334e-06
2022-08-01,potosi,-13.101150948883955,-20.05428999637502,1.051533561166239e-05
2022-09-01,potosi,-9.71861001246559,-22.423265174384888,1.0426139902127345e-05
2022-10-01,potosi,-7.806318825743297,-16.095705040076425,8.275886239591788e-06
2022-11-01,potosi,-6.11531839444428,5.868967926275559,7.010500875448195e-06
2022-12-01,potosi,-4.972574373475425,-3.9763434905603745,5.045899528166675e-06
2023-01-01,potosi,-2.8964463596896195,20.392111196986917,7.546300916383377e-06
2023-02-01,potosi,-1.170433405240523,28.849200536249775,7.525022311181292e-06
2023-03-01,potosi,-1.2992548539310533,31.88723037937624,4.8823371727929605e-06
2023-04-01,potosi,-0.6374723203538935,33.96228692290233,7.259019586695432e-06
2023-05-01,potosi,-0.48538021908814954,32.42429408138907,7.370065152380435e-06
2023-06-01,potosi,-14.320692219933306,33.057947023181455,1.0712579860705511e-05
2023-07-01,potosi,-13.305777934607832,31.831326925521886,1.1999372565658147e-05
2023-08-01,potosi,-12.985519325846617,32.79612666834968,1.0354033482217578e-05
2023-09-01,potosi,-11.05085176732139,35.28798738432268,1.1287884798824388e-05
2023-10-01,potosi,-8.44482586293438,32.32602309454844,8.428316647412998e-06
2023-11-01,potosi,-5.725333025500845,7.437659521418993,1.3326530236204649e-06
2023-12-01,potosi,-8.264783998594716,13.892291068670737,5.699427054739083e-06
2024-01-01,potosi,-9.823235147880105,0.11563162303733776,7.841957869203873e-06
2024-02-01,potosi,-10.858676776029341,-1.3322417548558008,9.491473626443587e-06
2024-03-01,potosi,-10.944431541055621,-0.6385070371910828,6.6748527398194426e-06
2024-04-01,potosi,-8.899586934268378,0.38998536894343516,1.0060168530385716e-05
2024-05-01,potosi,-7.516034045661257,-3.292209625119291,5.434091936456648e-06
2024-06-01,potosi,2.541817654861056,-6.9267887881904855,8.885356644692252e-06
2024-07-01,potosi,4.4416223935613175,-9.688243370788818,1.0597322414976252e-05
2024-08-01,potosi,6.893291487002884,-9.645176687124568,1.0248030906211109e-05
2024-09-01,potosi,4.261435629198296,-8.262114613914484,1.442714298262474e-05
2024-10-01,potosi,5.573449208129233,-7.030653826573108,9.950506085619251e-06
2024-11-01,potosi,3.8104368062738203,16.862509874794362,4.4553869473384345e-06
2024-12-01,potosi,8.675138935323012,17.74740032816915,7.1587989444983615e-06
2025-01-01,potosi,4.338438959596935,19.8788108128495,1.0524320559977342e-05
2025-02-01,potosi,5.849116708229829,15.312287396519686,6.921075520968085e-06
2025-03-01,potosi,3.9456574970641256,14.018275071063613,7.812998117456474e-06
2025-04-01,potosi,1.8822639397388485,9.535769831774665,8.141890724925933e-06
2025-05-01,potosi,-0.6255495836754221,16.939922933917728,9.742099853156413e-06
2025-06-01,potosi,3.7587178087006734,14.16167410747704,5.280393406783687e-06
2025-07-01,potosi,6.572282353909387,16.70779348425917,1.2703565431276263e-05
2025-08-01,potosi,1.6301879494051263,14.890089038119747,8.15532000036871e-06
2025-09-01,potosi,4.507102526014606,10.781850874007226,1.126278733107025e-05
2025-10-01,potosi,7.119952381802719,6.890484461985835,7.364607750759853e-06
2025-11-01,potosi,6.235077626560681,1.2169001538396174,7.540028795935249e-06
2025-12-01,potosi,1.137290529583268,2.130659960348069,1.0033906093065526e-05
2026-01-01,potosi,,-5.2631035375977575,5.816143970123834e-06
2026-02-01,potosi,,0.24566689681631004,9.774734348236904e-06
2026-03-01,potosi,,1.5465031736734858,1.069023550032261e-05
2026-04-01,potosi,,2.424640820286861,7.321662782108738e-06
2026-04-01,potosi,,-7.537848405739744,5.284205270445976e-06
2018-07-01,tarija,,,1.6890030556598077e-05
2018-08-01,tarija,,,1.87460084469211e-05
2018-09-01,tarija,,,1.7254503310046358e-05
2018-10-01,tarija,,,2.2242972223774785e-05
2018-11-01,tarija,,,1.193371890029062e-05
2018-12-01,tarija,,,8.292021365342903e-06
2019-01-01,tarija,3.2153138140754933,,1.4720138559996348e-05
2019-02-01,tarija,3.984426699150312,,1.0081809796301612e-05
2019-03-01,tarija,4.425978483806858,,9.758127256724312e-06
2019-04-01,tarija,5.195865599159966,,9.740898602454826e-06
2019-05-01,tarija,-0.39445236261475003,,1.1913515372870132e-05
2019-06-01,tarija,-2.1891111353399495,,1.4921638688759502e-05
2019-07-01,tarija,1.7763568394002505e-13,,1.852307192568415e-05
2019-08-01,tarija,-1.2146442067562546,,1.976607454024805e-05
2019-09-01,tarija,0.31008566488921474,,1.89245425008008e-05
2019-10-01,tarija,0.9177605645261266,,1.1372383861589717e-05
2019-11-01,tarija,-1.941577827807528,,9.621583552422862e-06
2019-12-01,tarija,-5.336037933667548,,1.078317562989116e-05
2020-01-01,tarija,-10.371177075455762,,1.2723608712503973e-05
2020-02-01,tarija,-14.443167674847501,,1.2105990036029056e-05
2020-03-01,tarija,-16.12316982634301,,1.049628610737841e-05
2020-04-01,tarija,-16.245685537857035,,6.911680215395438e-06
2020-05-01,tarija,-14.879688997385188,,7.927504448376195e-06
2020-06-01,tarija,-12.220224706576666,-13.586490889531255,8.154710399426896e-06
2020-07-01,tarija,-12.06017496144991,-18.427594373997813,1.1363178983629144e-05
2020-08-01,tarija,-15.33264804725647,-20.549148310149867,1.615721667663684e-05
2020-09-01,tarija,-16.802159278085327,-21.441551137017,1.8648351286612133e-05
2020-10-01,tarija,-19.694863023752873,-14.485236634770438,1.3398028014789168e-05
2020-11-01,tarija,-16.12491346258782,-10.031113571236716,1.3238702887225724e-05
2020-12-01,tarija,-12.521474845088143,-12.060174961450087,1.0992278555840751e-05
2021-01-01,tarija,-9.696417361787546,-14.118003840500215,8.591406428656634e-06
2021-02-01,tarija,-8.100977215061533,-17.11224494297454,1.0148836077136657e-05
2021-03-01,tarija,-8.632460744735049,-20.612623588279,7.417907735406398e-06
2021-04-01,tarija,-8.204632605345985,-14.183335634780292,1.0607981745705784e-05
2021-05-01,tarija,-11.79822686611427,-7.185436911420595,1.2216053197694543e-05
2021-06-01,tarija,-14.838732866810567,0.674759713668216,1.1445568464466592e-05
2021-07-01,tarija,-18.072447097332223,6.342190459785968,1.3760897172374595e-05
2021-08-01,tarija,-18.887393814171993,7.49070908160796,1.5158914569625576e-05
2021-09-01,tarija,-18.61824991904637,8.04105293251105,1.963074806953835e-05
2021-10-01,tarija,-18.717287343479683,3.081462131270918,8.704814137520808e-06
2021-11-01,tarija,-18.075532180309573,-2.618508160233901,9.191543314516988e-06
2021-12-01,tarija,-17.551710661797415,-6.012272135882313,7.45695660503349e-06
2022-01-01,tarija,-15.776020557372483,-3.5547457669155236,7.790997069202174e-06
2022-02-01,tarija,-13.943015483426713,-1.8160906409610433,1.0481966392081344e-05
2022-03-01,tarija,-12.74179717667181,0.9775756802731905,7.330271465900426e-06
2022-04-01,tarija,-15.152882193486938,-1.9506187177217527,1.1457188300853284e-05
2022-05-01,tarija,-10.677037532931877,-5.030235816709272,1.3008584749779435e-05
2022-06-01,tarija,-7.492701015963199,-6.079603195584937,1.4163743629581094e-05
2022-07-01,tarija,-5.492802977895117,-5.8420382683651795,1.714645832688964e-05
2022-08-01,tarija,-2.3848943096922426,-4.109336431936761,1.7509349162841697e-05
2022-09-01,tarija,-4.282440859967274,-6.948249588140953,1.4698815525304042e-05
2022-10-01,tarija,-5.95570798419498,1.121189333182393,1.489428498061756e-05
2022-11-01,tarija,-7.864381996388126,7.346031850847368,1.3469181695379915e-05
2022-12-01,tarija,-8.703633388397414,12.579644119437106,9.479533761233792e-06
2023-01-01,tarija,-7.7452927049323606,16.50249950447975,1.131260833274709e-05
2023-02-01,tarija,-7.85392857244176,14.335809059079097,8.347404966386896e-06
2023-03-01,tarija,-8.466280202279997,12.761579359284703,5.99676702725519e-06
2023-04-01,tarija,-6.291311175007586,10.211150183921447,9.11185625577878e-06
2023-05-01,tarija,-4.570327108208261,8.848077273400001,1.1762298074087606e-05
2023-06-01,tarija,-8.271505679414304,8.030727852440123,1.5889941769779582e-05
2023-07-01,tarija,-8.84002300616853,6.089086910984953,1.6924382550610336e-05
2023-08-01,tarija,-10.236929774302261,4.275516974391813,1.6268858851488372e-05
2023-09-01,tarija,-11.068777555932918,8.861571018479353,1.9082338040077485e-05
2023-10-01,tarija,-7.996948698955464,6.106710424723616,1.831088458398124e-05
2023-11-01,tarija,-4.237700914822007,-0.7788046634511048,8.63879244618213e-06
2023-12-01,tarija,-1.6722783282864029,-3.347220028273412,8.854387107401486e-06
2024-01-01,tarija,-0.7052119214243646,-7.852035464610019,9.566707220638009e-06
2024-02-01,tarija,-0.10661086622576477,-6.786336695965645,7.554390929655089e-06
2024-03-01,tarija,0.1921950147240281,-2.041240714760484,8.66975002376286e-06
2024-04-01,tarija,1.3166549658386373,3.626681081566119,1.430610236215013e-05
2024-05-01,tarija,2.1425869811354303,7.031355060111011,1.600258142401662e-05
2024-06-01,tarija,5.0026938431557255,7.040080783507996,1.784519500837854e-05
2024-07-01,tarija,6.856401713211113,7.747317706215995,1.818482514874903e-05
2024-08-01,tarija,6.104095181760094,8.658475217004025,1.6862791129383045e-05
2024-09-01,tarija,7.654718077175282,7.607966140846223,2.1839022475665015e-05
2024-10-01,tarija,5.743887055513852,6.712914089343691,2.021869175343689e-05
2024-11-01,tarija,4.732274918589674,13.27419952257003,1.2176107541316675e-05
2024-12-01,tarija,3.387262195252738,15.696424719379642,1.1060254414502226e-05
2025-01-01,tarija,-2.1906123839078973,16.341024956062355,8.740892397266166e-06
2025-02-01,tarija,-2.105285495984255,18.7234956331082,9.099356727562509e-06
2025-03-01,tarija,-3.077257017987556,13.740835754469316,6.893233204827822e-06
2025-04-01,tarija,-5.223375648617434,8.96997583341168,1.2670706170558422e-05
2025-05-01,tarija,-8.122929881079877,5.059540523539141,1.3617401833851716e-05
2025-06-01,tarija,-8.385863446434705,-1.4854004624835326,9.137522937049146e-06
2025-07-01,tarija,-8.443759244317306,-1.99867462975849,1.837198021968412e-05
2025-08-01,tarija,-6.6103542078082,-3.269452032711584,1.5006341878409302e-05
2025-09-01,tarija,-4.870732527741062,-6.540030614456072,1.6880585182205062e-05
2025-10-01,tarija,-1.9198568253486314,-10.265516862215307,1.427715922049409e-05
2025-11-01,tarija,-2.766124709921236,-13.38855728959043,1.1797924255829988e-05
2025-12-01,tarija,-4.808509619086188,-15.30016095752842,1.0983679653428995e-05
2026-01-01,tarija,-2.5324080409058425,-12.714449389568294,1.0891916338597406e-05
2026-02-01,tarija,,-12.525450604916344,1.121170501673097e-05
2026-03-01,tarija,,-7.663743880862484,9.822201865044324e-06
2026-04-01,tarija,,-7.49839962851091,1.1447147613849382e-05
2026-04-01,tarija,,-8.195771814338926,1.0657483615913586e-05
2026-05-01,tarija,,-0.34179565699794523,1.2007380767415477e-05
2018-07-01,trinidad,,,1.4987384694510483e-05
2018-08-01,trinidad,,,3.46256094959259e-05
2018-09-01,trinidad,,,3.683342709340034e-05
2018-10-01,trinidad,,,1.6509512207287134e-05
2018-11-01,trinidad,,,1.0200835213867237e-05
2018-12-01,trinidad,,,6.798908134569147e-06
2019-01-01,trinidad,0.13384298472942646,,9.577480160225336e-06
2019-02-01,trinidad,-0.8358858993659624,,8.944304763870967e-06
2019-03-01,trinidad,-4.038188219453787,,5.611395236984094e-06
2019-04-01,trinidad,-3.546653664178123,,5.954448790219621e-06
2019-05-01,trinidad,-0.44062799432946775,,8.140602306684357e-06
2019-06-01,trinidad,-0.10222793998053703,,8.45361321571199e-06
2019-07-01,trinidad,1.7763568394002505e-13,,1.334099146966184e-05
2019-08-01,trinidad,0.19468673303997264,,2.357807579967857e-05
2019-09-01,trinidad,-0.4881074885110692,,3.907136807464326e-05
2019-10-01,trinidad,2.6989481152883243,,2.39665664030459e-05
2019-11-01,trinidad,3.164300996032665,,1.0623596449055988e-05
2019-12-01,trinidad,1.02802133636537,,6.88282641447986e-06
2020-01-01,trinidad,1.3910803809448424,,9.803867337004597e-06
2020-02-01,trinidad,2.826382415416262,,8.240670268836513e-06
2020-03-01,trinidad,3.2761983926139493,,8.2255574251791e-06
2020-04-01,trinidad,2.285133050993693,,6.296418512691544e-06
2020-05-01,trinidad,-1.476368443534426,,6.299754167265539e-06
2020-06-01,trinidad,1.3128748090773357,1.257237396215416,8.830053158532115e-06
2020-07-01,trinidad,5.348614705480514,3.6622683147822244,1.5848543524865016e-05
2020-08-01,trinidad,7.130475272140657,7.314386612067736,2.4885746403563342e-05
2020-09-01,trinidad,9.80641484249265,5.831786715171816,3.469036849528957e-05
2020-10-01,trinidad,8.732733882671084,-1.0357404492049582,1.526068041872831e-05
2020-11-01,trinidad,10.368782220759165,1.4151027490578727,1.484683628077454e-05
2020-12-01,trinidad,12.593279267581359,5.348614705480337,1.117096689614491e-05
2021-01-01,trinidad,14.803946432122217,6.935788539100685,1.2141146269510872e-05
2021-02-01,trinidad,17.45288310423323,10.29452233100372,1.1361090828979856e-05
2021-03-01,trinidad,21.25996936409571,6.03378576738276,7.2311953267126974e-06
2021-04-01,trinidad,20.980783958034444,7.2044812247265,7.662258489507033e-06
2021-05-01,trinidad,26.24774597295776,11.565257931215989,8.227237179594237e-06
2021-06-01,trinidad,24.427724689348906,13.412866051177375,1.1512588565773092e-05
2021-07-01,trinidad,23.16681383529673,14.626500688816968,2.1779082821560675e-05
2021-08-01,trinidad,21.343629934917097,17.98377097148176,3.929689692709228e-05
2021-09-01,trinidad,18.118341664687776,18.69565090704075,3.35474157867206e-05
2021-10-01,trinidad,20.24675781058498,27.724114416492185,2.871199716299647e-05
2021-11-01,trinidad,19.24191008374372,23.11484988027157,1.1933913769437214e-05
2021-12-01,trinidad,19.158314783628505,17.818199129816215,9.602359684357469e-06
2022-01-01,trinidad,18.587827975457216,14.21315466277644,9.755372257274675e-06
2022-02-01,trinidad,20.154926211967172,8.311926822195126,7.714948727192165e-06
2022-03-01,trinidad,19.005788529198675,11.514023927913897,9.335406191010514e-06
2022-04-01,trinidad,23.222263501908635,8.873127862984553,6.791861485618047e-06
2022-05-01,trinidad,21.25440821408464,6.565035516047146,8.14511874778199e-06
2022-06-01,trinidad,22.6233784594438,3.7838815433349993,1.0750826954133131e-05
2022-07-01,trinidad,22.18809642690971,2.7020431077339424,2.628508830955903e-05
2022-08-01,trinidad,19.919856549260118,-2.254180834897035,3.4235017893079515e-05
2022-09-01,trinidad,21.008721682982312,2.241479543874192,5.5641917631696206e-05
2022-10-01,trinidad,18.48657129679694,-4.993337758873118,2.2672946293461422e-05
2022-11-01,trinidad,19.51834444962479,-1.8043462299051072,1.4064595369187556e-05
2022-12-01,trinidad,17.799747241569897,-0.9787174083870198,9.11366581377367e-06
2023-01-01,trinidad,17.937943713115345,-1.423773385656979,7.4307689702153005e-06
2023-02-01,trinidad,15.182939412121854,2.890380018294536,8.791836812135706e-06
2023-03-01,trinidad,14.255208226872362,-1.7601865137880424,6.897480792494885e-06
2023-04-01,trinidad,12.951166922512058,0.27643436588107306,7.687055677286598e-06
2023-05-01,trinidad,18.36939670913651,-1.3585675420586085,6.627231571965479e-06
2023-06-01,trinidad,20.996593140892372,-0.649884262341871,1.093060064162129e-05
2023-07-01,trinidad,21.21778152731828,-4.971986799845318,1.8885629290339757e-05
2023-08-01,trinidad,19.000868230938295,-4.750580302326313,3.0628204281681976e-05
2023-09-01,trinidad,19.629882979961266,-10.271096579396577,4.758187326371313e-05
2023-10-01,trinidad,17.1627082706717,-2.8850115049481317,4.343910163823457e-05
2023-11-01,trinidad,17.53575968998078,-1.626785318551427,1.9277223022512772e-05
2023-12-01,trinidad,17.87121476107405,-0.970314899591429,9.358805185229729e-06
2024-01-01,trinidad,16.74750890179162,-0.9189883183218228,5.695063535072766e-06
2024-02-01,trinidad,18.88337739264845,-1.3788387030210458,9.481148188495286e-06
2024-03-01,trinidad,21.231418557209736,-1.3238630261252382,5.129946741143027e-06
2024-04-01,trinidad,23.035914915158173,-1.9825847596440127,8.038994423805887e-06
2024-05-01,trinidad,22.443288765756364,0.07146751950415364,6.899450458505731e-06
2024-06-01,trinidad,17.496067810244575,-1.1904348113237262,9.551722942547846e-06
2024-07-01,trinidad,17.995947905160392,3.700437980526594,2.44029858751191e-05
2024-08-01,trinidad,17.367538722533737,6.9762103303373735,4.059667768111207e-05
2024-09-01,trinidad,16.583895795385928,10.084747992646115,5.908584804036859e-05
2024-10-01,trinidad,19.405563015503446,4.073892056619854,4.045720937682788e-05
2024-11-01,trinidad,17.07489149342436,-3.500525330647797,1.064678245965823e-05
2024-12-01,trinidad,19.066746530974577,-3.221833622157888,9.937378391583429e-06
2025-01-01,trinidad,19.25764902462248,-1.6333295084045574,5.281397027233071e-06
2025-02-01,trinidad,14.610932601168614,-3.0459871845753383,8.630205133306394e-06
2025-03-01,trinidad,11.252472263250901,2.242854744831746,7.197223622711648e-06
2025-04-01,trinidad,6.178456319274694,-0.46086819655641875,6.077682290327982e-06
2025-05-01,trinidad,1.444541163643187,1.1955317699005263,8.762352062927182e-06
2025-06-01,trinidad,-3.025579906420539,2.5101401228308617,9.773062243785214e-06
2025-07-01,trinidad,-8.210195273172971,-4.272444791479835,1.397261756185781e-05
2025-08-01,trinidad,-3.6921463653376563,-9.978946293958835,2.713083739458693e-05
2025-09-01,trinidad,-2.8169918753583545,-16.85745859588348,3.214026240132418e-05
2025-10-01,trinidad,-3.438981354880255,-20.998747602113177,2.292378546901734e-05
2025-11-01,trinidad,-1.798286048797948,-20.521647716665115,6.226679478076346e-06
2025-12-01,trinidad,,-26.206143178333363,5.334255893109328e-06
2026-01-01,trinidad,,-21.059685087871394,9.082563895965828e-06
2026-02-01,trinidad,,-19.400887670744282,9.585838119374238e-06
2026-03-01,trinidad,,-22.8445443703837,6.67958998488693e-06
2026-04-01,trinidad,,-18.873177542222308,7.400198748709853e-06
2018-07-01,cobija,,,1.289453782199938e-05
2018-08-01,cobija,,,2.095028740159824e-05
2018-09-01,cobija,,,1.8727111529689684e-05
2018-10-01,cobija,,,1.0370620353702854e-05
2018-11-01,cobija,,,4.943125139812622e-06
2018-12-01,cobija,,,4.767969649637272e-06
2019-01-01,cobija,-6.831411402824017,,8.201630775850702e-06
2019-02-01,cobija,-11.100872637401338,,7.416282907414992e-06
2019-03-01,cobija,-10.871337087689525,,8.64432752137849e-06
2019-04-01,cobija,-9.090668615914055,,6.542445525512807e-06
2019-05-01,cobija,-6.295091223998028,,4.821778108983972e-06
2019-06-01,cobija,-3.1359573067563318,,7.121634818293545e-06
2019-07-01,cobija,0.0,,7.725051186898595e-06
2019-08-01,cobija,1.1784661909100436,,2.1535368514094873e-05
2019-09-01,cobija,-1.6873202629811956,,2.318840814605635e-05
2019-10-01,cobija,-2.5466023579072683,,1.4504314101842128e-05
2019-11-01,cobija,-2.6477875409073093,,7.221724831078584e-06
2019-12-01,cobija,-2.403408667254503,,6.946482672104701e-06
2020-01-01,cobija,-6.203403689412568,,9.447488627754468e-06
2020-02-01,cobija,-5.96782339008044,,5.258172859645787e-06
2020-03-01,cobija,-8.222920966211866,,7.79739323004057e-06
2020-04-01,cobija,-8.32971148923054,,6.463486041674062e-06
2020-05-01,cobija,-10.544998671083938,,4.965272733226703e-06
2020-06-01,cobija,-8.054625183416064,0.6280077134114492,4.513793386870526e-06
2020-07-01,cobija,-10.334997856873862,5.133049247320898,7.94655168947022e-06
2020-08-01,cobija,-11.552550250717175,2.648416121477659,1.6429605512350724e-05
2020-09-01,cobija,-8.93807290647377,0.7609571266835147,2.289314777917479e-05
2020-10-01,cobija,-13.27935218562164,-4.24990744708591,1.1118514231468457e-05
2020-11-01,cobija,-11.29469680431896,-4.9186678766597325,9.73705430503971e-06
2020-12-01,cobija,-6.039118801680132,-10.334997856873862,5.283510373693544e-06
2021-01-01,cobija,-0.8873971237935763,-12.731016441627219,8.1632523775738e-06
2021-02-01,cobija,3.1737606827444864,-7.250752643492575,7.195968096885317e-06
2021-03-01,cobija,6.113859492791107,-10.732749827714372,4.631292390029714e-06
2021-04-01,cobija,6.059025519052419,-8.64690926341165,8.201585202249625e-06
2021-05-01,cobija,6.526910150003573,-3.6357101344256293,9.329091046724854e-06
2021-06-01,cobija,3.4893995666188005,5.316006565618991,8.375782507400994e-06
2021-07-01,cobija,4.028539296895062,9.141584072824926,1.2936813691286551e-05
2021-08-01,cobija,5.337742140491564,14.336780459002973,2.3380369938091665e-05
2021-09-01,cobija,3.91858661816169,14.388737008282959,2.2743003629240045e-05
2021-10-01,cobija,8.798321980986046,17.07190882108751,1.1760633655997987e-05
2021-11-01,cobija,6.034470644128476,11.544024750034865,6.762802459483066e-06
2021-12-01,cobija,5.598343525218397,14.363537153768924,5.636636305976033e-06
2022-01-01,cobija,5.9143625413174306,16.89029239120874,9.5519660888388e-06
2022-02-01,cobija,1.1668742322559211,12.856659524635461,6.069172198750257e-06
2022-03-01,cobija,1.9723304509998485,22.077674166607686,8.317853315704138e-06
2022-04-01,cobija,2.749010654570405,17.329167448447436,5.886521774058554e-06
2022-05-01,cobija,7.606369117963929,11.637462326898529,8.853406792040463e-06
2022-06-01,cobija,12.451546314555273,6.801759665111007,8.699510754791508e-06
2022-07-01,cobija,18.136927672235004,-2.0068864504885653,7.31830266349976e-06
2022-08-01,cobija,18.910247693808024,-4.141529041791259,2.5753010296927928e-05
2022-09-01,cobija,20.552512579788207,-3.3100148644820138,2.496460919581339e-05
2022-10-01,cobija,19.71739449761749,1.0794589679603561,2.10655886382178e-05
2022-11-01,cobija,20.649077441384733,8.962146747936472,1.2095804207413748e-05
2022-12-01,cobija,20.214637554550663,14.108388375339942,1.1151045394493974e-05
2023-01-01,cobija,22.105679994468197,13.57250555331646,1.0480804163099942e-05
2023-02-01,cobija,26.473600045772905,16.633925961626517,7.391228847103419e-06
2023-03-01,cobija,22.300219217365047,10.919072516631445,7.524693182708155e-06
2023-04-01,cobija,22.106185628947195,14.614606797256258,6.582846468310006e-06
2023-05-01,cobija,18.52430723192917,14.616294029332266,8.403678669089731e-06
2023-06-01,cobija,17.301864267091638,16.191317453150766,1.0915588244695294e-05
2023-07-01,cobija,14.635785672938795,25.306725813516984,1.236078338483546e-05
2023-08-01,cobija,10.74698449824023,20.3278887663652,1.5607410376518288e-05
2023-09-01,cobija,11.162290361731664,19.35717497437679,2.439004748515403e-05
2023-10-01,cobija,8.401020019319816,10.917938113965242,1.3705749705137463e-05
2023-11-01,cobija,4.152281463802865,4.850317952536365,1.0445439555328492e-05
2023-12-01,cobija,1.319705794257331,-3.501141999296209,8.097892313160502e-06
2024-01-01,cobija,-5.17720493757956,-8.163263195567794,6.572467075035592e-06
2024-02-01,cobija,-5.152896994069067,-9.390222218056543,7.768916514121941e-06
2024-03-01,cobija,-1.117595941153482,-11.316374478297675,5.402369186817269e-06
2024-04-01,cobija,0.20621910338345373,-16.49679597758187,3.953568619805482e-06
2024-05-01,cobija,0.6773458255073805,-18.894931760293332,5.9820329383351315e-06
2024-06-01,cobija,1.0238807450551946,-27.282884932047757,5.005626571124456e-06
2024-07-01,cobija,1.809150429843065,-31.626497039841972,1.2396891849495772e-05
2024-08-01,cobija,4.58338599412027,-23.41781515851853,2.53298097202172e-05
2024-09-01,cobija,3.217943078558605,-21.89996652556374,2.858931265168271e-05
2024-10-01,cobija,6.134479751798594,-17.84696140642179,1.450292912942887e-05
2024-11-01,cobija,9.54485550153219,-16.277983522036443,1.0888962563149418e-05
2024-12-01,cobija,10.469884255706141,-12.82663524309573,8.8980858603952e-06
2025-01-01,cobija,14.421652456362466,-6.16359850411996,9.168718577918406e-06
2025-02-01,cobija,14.39888429059728,-7.944347283173059,6.594774282387612e-06
2025-03-01,cobija,11.40417868406729,-2.266540267521222,7.666207210814407e-06
2025-04-01,cobija,7.526005077841447,5.392574037729325,5.952811976858828e-06
2025-05-01,cobija,6.053331218231506,9.15017846144881,6.684316202130432e-06
2025-06-01,cobija,5.8238220023657306,19.598857393942026,8.042779867102972e-06
2025-07-01,cobija,4.935618426533495,19.551781284666347,1.2363067538954706e-05
2025-08-01,cobija,3.8316349258009197,12.521774625220772,1.7683239661029178e-05
2025-09-01,cobija,4.110796897223246,7.319785974457993,1.7951113236073768e-05
2025-10-01,cobija,5.36284012033299,5.375985392724125,1.2153652899906782e-05
2025-11-01,cobija,3.1031810669871263,4.799941257310536,1.0593160546571282e-05
2025-12-01,cobija,,3.1264679966904296,7.998481831761732e-06
2026-01-01,cobija,,-0.7517510683193507,8.031084024973706e-06
2026-02-01,cobija,,0.8928538186646406,6.8194375418682986e-06
2026-03-01,cobija,,-0.7716396314656038,8.909046161886299e-06
2026-04-01,cobija,,-6.441674434545064,4.538990464450219e-06
2018-07-01,montero,,,1.246055476041607e-05
2018-08-01,montero,,,2.5174467256931728e-05
2018-09-01,montero,,,3.415493827399333e-05
2018-10-01,montero,,,2.1290098280804266e-05
2018-11-01,montero,,,1.3450887474383495e-05
2018-12-01,montero,,,7.38630084924195e-06
2019-01-01,montero,-1.8656971425208724,,1.238755159326476e-05
2019-02-01,montero,-1.6181065112277793,,9.376210759560696e-06
2019-03-01,montero,-1.4203327062853432,,9.70205280888839e-06
2019-04-01,montero,-2.794732640841957,,8.554882970804025e-06
2019-05-01,montero,-2.58163129510951,,9.004067298622233e-06
2019-06-01,montero,-2.2366884174440216,,1.0259567051423904e-05
2019-07-01,montero,0.0,,1.283632331959648e-05
2019-08-01,montero,-0.640969750537046,,2.5779075439338524e-05
2019-09-01,montero,0.6087922113067634,,2.896184253105149e-05
2019-10-01,montero,-0.7254504252468763,,2.1841553005786325e-05
2019-11-01,montero,-0.6247185017763002,,1.4019345993610833e-05
2019-12-01,montero,-1.8824095902314042,,9.660347861258652e-06
2020-01-01,montero,-3.510664430677579,,1.147046756558311e-05
2020-02-01,montero,-2.3229835848365354,,1.0893291560766396e-05
2020-03-01,montero,-3.0801511025497774,,8.266641966002111e-06
2020-04-01,montero,-3.118392338878273,,8.658920475900878e-06
2020-05-01,montero,-5.089992087747142,,7.742723249220704e-06
2020-06-01,montero,-4.3426775958355535,-1.6449672881567068,8.438630735211282e-06
2020-07-01,montero,-3.916074701766803,-0.7048770736087562,1.4802567018593502e-05
2020-08-01,montero,-7.444942246854858,-1.6598183962644342,2.3540045418697383e-05
2020-09-01,montero,-8.697546054002459,-0.323659698036316,2.8829242611070825e-05
2020-10-01,montero,-9.208332360823768,-2.5083607926376317,1.7239827972766018e-05
2020-11-01,montero,-9.47630996530755,-2.105989178391532,1.5334665300096396e-05
2020-12-01,montero,-6.846188484952265,-3.916074701766803,1.01677607646142e-05
2021-01-01,montero,-2.969211230441182,-6.803972496317812,7.510571708058775e-06
2021-02-01,montero,-2.8653954009808302,-9.306338265309222,9.37301381584312e-06
2021-03-01,montero,1.7005407249435223,-8.482881935576891,7.775159868323584e-06
2021-04-01,montero,1.873118831244014,-8.85159146353125,8.384902320588107e-06
2021-05-01,montero,6.194348827160212,-4.9637788947208605,1.061606101369694e-05
2021-06-01,montero,5.6862388633394545,0.541453200236397,1.343760783550002e-05
2021-07-01,montero,8.713409811546136,-0.5424118161442948,1.4988129370018478e-05
2021-08-01,montero,13.643661549902575,4.7806918274933,4.071576510101454e-05
2021-09-01,montero,15.505492075308602,4.991511170122287,2.943250315604199e-05
2021-10-01,montero,17.81023409749416,11.284340914907354,2.8955781379752676e-05
2021-11-01,montero,15.657080620064079,10.028916459175008,1.4427596205550291e-05
2021-12-01,montero,15.554895568221383,12.629484513312939,1.4621346049480176e-05
2022-01-01,montero,15.562885984988206,21.088603796757432,1.3571090038748582e-05
2022-02-01,montero,16.2990459422236,24.20303812931106,1.1719502715333872e-05
2022-03-01,montero,13.195072124458918,27.018566458317927,1.0252310167229626e-05
2022-04-01,montero,14.368274371184064,25.13339058537163,6.475684579832355e-06
2022-05-01,montero,11.855776993878742,22.401084053173648,1.0486679556509567e-05
2022-06-01,montero,12.921710430712174,18.53209721542939,1.345049866513286e-05
2022-07-01,montero,11.651304233863158,19.16444134320443,1.637241173978257e-05
2022-08-01,montero,8.891479606548458,11.494531399515395,2.8054204344351305e-05
2022-09-01,montero,5.525703833931317,12.49515553994005,3.38819994202214e-05
2022-10-01,montero,6.001814085806778,5.6614281667185296,2.141882484582075e-05
2022-11-01,montero,9.476391001220819,7.23547156737272,1.63962850562055e-05
2022-12-01,montero,7.271313859535411,2.9378944223170222,1.2553930144895117e-05
2023-01-01,montero,4.157215662035441,-4.752181943354117,9.745082925270157e-06
2023-02-01,montero,3.8833399572331118,-9.979788241377285,7.82529362827486e-06
2023-03-01,montero,3.041822803630012,-11.808420011687382,1.0855113861440555e-05
2023-04-01,montero,2.2739187378356007,-6.18068961884326,9.82572118840726e-06
2023-05-01,montero,5.629135064194912,-8.283581708685972,8.048587266010696e-06
2023-06-01,montero,7.451571667112944,-11.405670322952766,9.25648509415958e-06
2023-07-01,montero,7.874526483653277,-12.415705984990488,1.584307700297157e-05
2023-08-01,montero,8.653777446103383,-10.153249320828905,2.5359577004673746e-05
2023-09-01,montero,11.385715667008611,-12.094355633348464,3.0899357626825835e-05
2023-10-01,montero,10.529932063390746,-6.226641929683829,3.2037149784436534e-05
2023-11-01,montero,10.250157063745569,-5.4701387635992305,2.040433096570123e-05
2023-12-01,montero,12.888594778272022,-3.776777750209881,1.3207546271738887e-05
2024-01-01,montero,13.495786974915802,-0.23770216044507464,1.070031262078773e-05
2024-02-01,montero,16.182283286444843,5.860011833077294,1.0861167861452862e-05
2024-03-01,montero,18.872607378113138,4.5281179775839675,9.795687718875208e-06
2024-04-01,montero,22.977544444948528,0.77376606252475,9.501318310490702e-06
2024-05-01,montero,22.183706957504512,5.617280918736611,1.1046449972262056e-05
2024-06-01,montero,18.955821964431685,9.338571312880362,9.95612023164261e-06
2024-07-01,montero,17.804874085534905,12.298943329211731,2.1869920075226904e-05
2024-08-01,montero,19.31261897941603,15.830784574483125,3.5022662109566e-05
2024-09-01,montero,20.692231303764785,20.703625707112927,5.0568448932660755e-05
2024-10-01,montero,20.48269341020781,16.5545718933096,2.9126128610526087e-05
2024-11-01,montero,19.7879121537774,11.504250297318741,1.385160321304537e-05
2024-12-01,montero,18.138617794573264,9.930347601881628,1.1503767702626437e-05
2025-01-01,montero,17.96865739262472,10.658841533312646,1.2822511603361836e-05
2025-02-01,montero,16.549446587412575,9.306515636756174,1.281667843556723e-05
2025-03-01,montero,13.986382397224517,9.952761346817063,9.55245044733292e-06
2025-04-01,montero,10.72822932861186,9.53775509003183,8.74128153583507e-06
2025-05-01,montero,8.710052803345114,5.250023016301242,9.062941930735432e-06
2025-06-01,montero,7.355495981462923,4.4728704177089185,9.755119386552069e-06
2025-07-01,montero,4.619981810649776,0.3671633009677322,1.8445249976977988e-05
2025-08-01,montero,3.9452163257990946,-4.8862249808886205,2.57498200305671e-05
2025-09-01,montero,3.0235634266379208,-12.249315116336668,3.4204235269765475e-05
2025-10-01,montero,3.062753828804432,-13.473654154159398,2.2861504701860864e-05
2025-11-01,montero,3.3916660994043113,-11.600325982968762,1.1773534372901732e-05
2025-12-01,montero,2.0782269400172027,-13.18489227488513,8.284720441067278e-06
2026-01-01,montero,,-15.367402653616935,1.1825172086252758e-05
2026-02-01,montero,,-17.668667877126865,1.147475009657828e-05
2026-03-01,montero,,-17.419939581403376,9.59747997281842e-06
2026-04-01,montero,,-16.396246054373087,9.093194532819618e-06
2026-04-01,montero,,-16.06039085455606,7.741388657604156e-06
2018-07-01,yacuiba,,,9.16063650529755e-06
2018-08-01,yacuiba,,,1.733096393271072e-05
2018-09-01,yacuiba,,,1.819331011220005e-05
2018-10-01,yacuiba,,,1.8274609849928127e-05
2018-11-01,yacuiba,,,1.4707430953750313e-05
2018-12-01,yacuiba,,,6.603304901890689e-06
2019-01-01,yacuiba,9.168537181917102,,1.5887128112462464e-05
2019-02-01,yacuiba,9.819189333407508,,7.880988356225706e-06
2019-03-01,yacuiba,8.560470382497698,,5.191623021417484e-06
2019-04-01,yacuiba,9.113603282874294,,8.053765141712757e-06
2019-05-01,yacuiba,6.895881893854394,,5.750447987167459e-06
2019-06-01,yacuiba,1.1235734961505983,,8.395116237613735e-06
2019-07-01,yacuiba,0.0,,9.904546775181537e-06
2019-08-01,yacuiba,-4.638658260023831,,1.4901299892755037e-05
2019-09-01,yacuiba,-4.945343416792802,,1.9441887701457923e-05
2019-10-01,yacuiba,-2.2029871288868463,,1.400460340043484e-05
2019-11-01,yacuiba,-4.207169172752678,,7.357173807074907e-06
2019-12-01,yacuiba,-3.455959887925353,,5.770400257751549e-06
2020-01-01,yacuiba,-3.2015384209081788,,9.105423613639568e-06
2020-02-01,yacuiba,-3.5645770143268862,,7.59622264323248e-06
2020-03-01,yacuiba,-1.4139059937882337,,7.21476141474185e-06
2020-04-01,yacuiba,1.4367844352943138,,6.332137496241398e-06
2020-05-01,yacuiba,7.321077123732067,,6.292905430894659e-06
2020-06-01,yacuiba,14.34491765396988,-12.370075602825281,8.655376707555665e-06
2020-07-01,yacuiba,19.15014993086288,-13.383766347734394,9.482322642282084e-06
2020-08-01,yacuiba,20.23650957177381,-9.974376376285932,1.9288884025104055e-05
2020-09-01,yacuiba,22.669110985506435,-7.67681884757998,2.737178531409274e-05
2020-10-01,yacuiba,21.198949216453578,0.4251952298776729,2.8374793904480713e-05
2020-11-01,yacuiba,22.945309690303972,13.221344157819281,1.709073884903014e-05
2020-12-01,yacuiba,23.994510900254795,19.15014993086288,1.0271461485562116e-05
2021-01-01,yacuiba,23.308774830390533,24.87516783179764,1.0373281298236027e-05
2021-02-01,yacuiba,24.619388884045534,27.614454402299238,1.0171231282155475e-05
2021-03-01,yacuiba,23.63681237077344,23.401936345340424,6.04789157584905e-06
2021-04-01,yacuiba,19.938598466888813,27.15247886305665,7.808408088277377e-06
2021-05-01,yacuiba,14.307834318760726,27.450470788180148,7.137246244811534e-06
2021-06-01,yacuiba,14.861466724576644,26.51031325129871,7.971657066240468e-06
2021-07-01,yacuiba,15.448966706262901,28.18396589837242,1.1097312669465943e-05
2021-08-01,yacuiba,15.593546403725078,25.050718364561675,1.7143511968206888e-05
2021-09-01,yacuiba,11.189051667954608,18.5018140315945,1.7561817433218055e-05
2021-10-01,yacuiba,11.399587948350565,6.986757195028659,1.4437218853209653e-05
2021-11-01,yacuiba,9.169760374292935,0.5165490706067644,1.8264743515019768e-05
2021-12-01,yacuiba,8.272803523387218,-3.70118322459998,1.1021735942977002e-05
2022-01-01,yacuiba,9.26475514895806,-4.64296316804873,1.0554823487971333e-05
2022-02-01,yacuiba,11.402926151977866,-11.480059317551827,5.9955882341887724e-06
2022-03-01,yacuiba,12.009764532844436,-9.799361268103013,6.202634152262928e-06
2022-04-01,yacuiba,15.027218452242153,-13.775549316011038,5.975225300255752e-06
2022-05-01,yacuiba,18.599185752180958,-15.721707376867577,6.408929163821067e-06
2022-06-01,yacuiba,22.314508373130337,-14.044019681432474,8.9793417622808e-06
2022-07-01,yacuiba,24.0950021539172,-13.216462732067669,1.434330807957894e-05
2022-08-01,yacuiba,27.865365838442102,-11.627047837929005,1.843849127728647e-05
2022-09-01,yacuiba,29.72367763691839,-4.91138001464666,2.522464648455105e-05
2022-10-01,yacuiba,31.326814922758217,4.291351433420232,2.2163473383171364e-05
2022-11-01,yacuiba,29.599151946295876,7.453041648553693,2.852586821393662e-05
2022-12-01,yacuiba,29.889625487146176,8.646035447654299,1.3647120835756128e-05
2023-01-01,yacuiba,29.45627978824774,12.271819434717024,1.6593757994685728e-05
2023-02-01,yacuiba,25.679283838549694,18.53462596896378,7.49339016242316e-06
2023-03-01,yacuiba,24.930815543834584,19.927226974407652,7.518378873512201e-06
2023-04-01,yacuiba,23.699906391394876,20.42939157200294,4.85642342926919e-06
2023-05-01,yacuiba,24.646199149617054,21.61682196375896,6.636263138706893e-06
2023-06-01,yacuiba,23.606692468380075,20.191524639289682,8.524335691184067e-06
2023-07-01,yacuiba,21.69611118699173,14.276357686571828,9.11611734347679e-06
2023-08-01,yacuiba,15.868539845584628,12.921051010990148,1.685460985837153e-05
2023-09-01,yacuiba,17.527599258055915,8.672687939152723,2.1760849339259932e-05
2023-10-01,yacuiba,18.503572182092043,6.047013397436096,2.482871190716419e-05
2023-11-01,yacuiba,20.300107369502918,1.2921840952497377,2.518051624233117e-05
2023-12-01,yacuiba,19.122915354422787,-2.398890966925471,1.0851017103299893e-05
2024-01-01,yacuiba,21.73745453204141,-11.996825992857474,8.24591593227288e-06
2024-02-01,yacuiba,23.63178352725903,-12.196078378862474,9.144096225432784e-06
2024-03-01,yacuiba,24.14247866885777,-12.823242740666174,8.45254255570345e-06
2024-04-01,yacuiba,24.6235656706574,-9.299044576792959,6.024813168848975e-06
2024-05-01,yacuiba,25.004212701159112,-10.76671013272339,5.7620077572756475e-06
2024-06-01,yacuiba,17.335461135200525,-7.71882525620633,1.1665896970172778e-05
2024-07-01,yacuiba,14.752291365402392,-2.047500311290662,1.1442831487573586e-05
2024-08-01,yacuiba,15.758395763317523,-0.7883368749768138,1.7919824580650328e-05
2024-09-01,yacuiba,19.320964891221237,0.9236592792625231,2.3054083072892857e-05
2024-10-01,yacuiba,19.327746624814957,0.35801355154205794,2.598912978380508e-05
2024-11-01,yacuiba,19.13043007807609,-6.27123133317955,1.0032404886434963e-05
2024-12-01,yacuiba,19.67639174130369,-6.9438198215893365,7.958801677188564e-06
2025-01-01,yacuiba,16.902146441715082,-0.11014408226710515,9.304057236482942e-06
2025-02-01,yacuiba,15.936789357978043,1.7933656331653225,1.4021848848451815e-05
2025-03-01,yacuiba,12.040728357582964,0.8241744427229136,8.459424102468935e-06
2025-04-01,yacuiba,9.995804322220536,-1.1696772914268294,5.88383337470719e-06
2025-05-01,yacuiba,7.146731309598309,0.5534763868809023,6.152148574606764e-06
2025-06-01,yacuiba,7.768874339365794,-4.835308090326329,8.362524546103916e-06
2025-07-01,yacuiba,8.671874765951237,-7.694994169280989,1.0191159338414456e-05
2025-08-01,yacuiba,8.356277075545293,-12.101750311274806,1.122765912225931e-05
2025-09-01,yacuiba,4.632232009288728,-14.627761348436863,1.803748349990884e-05
2025-10-01,yacuiba,4.631815577330123,-17.857481391560803,1.846338540867798e-05
2025-11-01,yacuiba,3.615204696172647,-9.56658679583473,1.0810063503425811e-05
2025-12-01,yacuiba,,-6.080416599451155,8.869678027731485e-06
2026-01-01,yacuiba,,-7.40211868777223,8.958285373981337e-06
2026-02-01,yacuiba,,-14.68873288193251,8.968615686944903e-06
2026-03-01,yacuiba,,-14.695931047484834,8.459001380085526e-06
2026-04-01,yacuiba,,-15.515225381903441,5.20810037643028e-06
