month,roi,no2_mean,n_days,date
2018-07,cobija,1.2067374732024079e-05,20,2018-07-01
2018-07,cochabamba,4.764731047309141e-05,30,2018-07-01
2018-07,la_paz_el_alto,1.9374980118722413e-05,27,2018-07-01
2018-07,montero,1.3173511259583959e-05,25,2018-07-01
2018-07,oruro,6.310026888653599e-06,25,2018-07-01
2018-07,potosi,4.536567384402888e-06,22,2018-07-01
2018-07,santa_cruz,1.2959685962575591e-05,25,2018-07-01
2018-07,sucre,1.2186964841479852e-05,27,2018-07-01
2018-07,tarija,1.432732985609463e-05,29,2018-07-01
2018-07,trinidad,1.688840036251103e-05,28,2018-07-01
2018-08,cobija,2.0658404935569814e-05,15,2018-08-01
2018-08,cochabamba,4.606705782628388e-05,27,2018-08-01
2018-08,la_paz_el_alto,2.232204415397252e-05,24,2018-08-01
2018-08,montero,2.457678772229119e-05,27,2018-08-01
2018-08,oruro,1.2422430276203841e-05,26,2018-08-01
2018-08,potosi,1.0365921007216186e-05,26,2018-08-01
2018-08,santa_cruz,3.095167220017575e-05,23,2018-08-01
2018-08,sucre,1.7980064570851118e-05,28,2018-08-01
2018-08,tarija,1.6896272195843917e-05,27,2018-08-01
2018-08,trinidad,3.309175456828946e-05,21,2018-08-01
2018-08,yacuiba,1.8067137347861036e-05,22,2018-08-01
2018-09,cobija,1.8935618201473313e-05,18,2018-09-01
2018-09,cochabamba,4.36852956076276e-05,29,2018-09-01
2018-09,la_paz_el_alto,2.216724144025729e-05,30,2018-09-01
2018-09,montero,3.160689714413405e-05,22,2018-09-01
2018-09,oruro,1.0659571462512764e-05,26,2018-09-01
2018-09,potosi,9.935528404311663e-06,24,2018-09-01
2018-09,santa_cruz,3.524416888879943e-05,26,2018-09-01
2018-09,sucre,1.7105410251409575e-05,28,2018-09-01
2018-09,tarija,1.6010872881071752e-05,28,2018-09-01
2018-09,trinidad,3.761147597560029e-05,25,2018-09-01
2018-09,yacuiba,1.99598749392383e-05,24,2018-09-01
2018-10,cochabamba,2.3006959153733247e-05,16,2018-10-01
2018-10,la_paz_el_alto,1.2226533254919801e-05,20,2018-10-01
2018-10,oruro,6.648742126773634e-06,19,2018-10-01
2018-10,potosi,8.12154143128001e-06,17,2018-10-01
2018-10,santa_cruz,1.9754674265671177e-05,20,2018-10-01
2018-10,sucre,1.4823314243270745e-05,16,2018-10-01
2018-10,trinidad,1.6634939976116505e-05,17,2018-10-01
2018-11,cochabamba,2.170664134742804e-05,18,2018-11-01
2018-11,la_paz_el_alto,9.895886110899616e-06,17,2018-11-01
2018-11,oruro,8.640108405567592e-06,17,2018-11-01
2018-11,santa_cruz,1.4700472024838006e-05,22,2018-11-01
2018-11,sucre,1.1089638010223273e-05,21,2018-11-01
2018-11,trinidad,8.67102387587805e-06,17,2018-11-01
2018-12,cochabamba,1.895282538381649e-05,16,2018-12-01
2018-12,la_paz_el_alto,1.0305794861748658e-05,16,2018-12-01
2018-12,oruro,7.5863955934701765e-06,15,2018-12-01
2018-12,santa_cruz,9.556622569086634e-06,23,2018-12-01
2018-12,tarija,7.511680555090514e-06,18,2018-12-01
2018-12,trinidad,6.776686058251545e-06,15,2018-12-01
2019-01,cobija,8.526645793173433e-06,15,2019-01-01
2019-01,cochabamba,1.6541456469814627e-05,18,2019-01-01
2019-01,la_paz_el_alto,9.700292827098507e-06,16,2019-01-01
2019-01,montero,1.1874771945749722e-05,15,2019-01-01
2019-01,oruro,7.900721343545455e-06,18,2019-01-01
2019-01,santa_cruz,1.3680898814810194e-05,24,2019-01-01
2019-01,sucre,8.947511849627393e-06,20,2019-01-01
2019-02,cochabamba,2.4980905634016833e-05,15,2019-02-01
2019-02,la_paz_el_alto,8.401804944133488e-06,17,2019-02-01
2019-02,montero,9.417544934368507e-06,15,2019-02-01
2019-02,oruro,6.4724781584239485e-06,17,2019-02-01
2019-02,santa_cruz,1.0826828661832267e-05,22,2019-02-01
2019-02,sucre,8.247460168607616e-06,19,2019-02-01
2019-02,tarija,7.329481889639576e-06,16,2019-02-01
2019-03,cochabamba,2.018805404978586e-05,24,2019-03-01
2019-03,la_paz_el_alto,7.768243746829555e-06,22,2019-03-01
2019-03,oruro,7.133270978952153e-06,20,2019-03-01
2019-03,potosi,6.807404373507486e-06,19,2019-03-01
2019-03,santa_cruz,9.848640507396556e-06,23,2019-03-01
2019-03,sucre,6.650670179130579e-06,19,2019-03-01
2019-03,tarija,9.295457986257008e-06,17,2019-03-01
2019-04,cochabamba,2.6610339516055072e-05,24,2019-04-01
2019-04,la_paz_el_alto,9.782283353680314e-06,27,2019-04-01
2019-04,montero,8.208815510101885e-06,16,2019-04-01
2019-04,oruro,7.11790738991469e-06,21,2019-04-01
2019-04,potosi,7.258948905456131e-06,21,2019-04-01
2019-04,santa_cruz,9.169442331222126e-06,22,2019-04-01
2019-04,sucre,6.892529438632326e-06,26,2019-04-01
2019-04,tarija,1.0068110564619486e-05,25,2019-04-01
2019-05,cobija,4.46292369327372e-06,19,2019-05-01
2019-05,cochabamba,3.8493336415934686e-05,30,2019-05-01
2019-05,la_paz_el_alto,1.5212233637480176e-05,31,2019-05-01
2019-05,montero,9.370780525352647e-06,16,2019-05-01
2019-05,oruro,6.277264245510869e-06,29,2019-05-01
2019-05,potosi,6.380052242290548e-06,29,2019-05-01
2019-05,santa_cruz,8.642118670091513e-06,21,2019-05-01
2019-05,sucre,1.1209472665993963e-05,27,2019-05-01
2019-05,tarija,1.2514797963319982e-05,29,2019-05-01
2019-05,trinidad,8.114334944849328e-06,19,2019-05-01
2019-06,cobija,6.713601339683977e-06,23,2019-06-01
2019-06,cochabamba,5.090310281445915e-05,30,2019-06-01
2019-06,la_paz_el_alto,2.0755774345794453e-05,30,2019-06-01
2019-06,montero,1.096809526622842e-05,19,2019-06-01
2019-06,oruro,9.257112672179485e-06,28,2019-06-01
2019-06,potosi,8.25688846670886e-06,30,2019-06-01
2019-06,santa_cruz,1.0558454435358504e-05,23,2019-06-01
2019-06,sucre,1.662890753338866e-05,29,2019-06-01
2019-06,tarija,1.348643372146991e-05,32,2019-06-01
2019-06,trinidad,8.913400319114772e-06,24,2019-06-01
2019-06,yacuiba,1.0426221616785161e-05,15,2019-06-01
2019-07,cobija,8.327616779680465e-06,21,2019-07-01
2019-07,cochabamba,5.0593180547631744e-05,28,2019-07-01
2019-07,la_paz_el_alto,2.4079710782494475e-05,30,2019-07-01
2019-07,montero,1.3291117358785046e-05,22,2019-07-01
2019-07,oruro,9.700449994912205e-06,28,2019-07-01
2019-07,potosi,1.0012445113721028e-05,27,2019-07-01
2019-07,santa_cruz,1.3944950705874835e-05,23,2019-07-01
2019-07,sucre,1.6027115336309382e-05,27,2019-07-01
2019-07,tarija,1.7538308163211045e-05,27,2019-07-01
2019-07,trinidad,1.4396893205439002e-05,24,2019-07-01
2019-07,yacuiba,9.606714093265757e-06,16,2019-07-01
2019-08,cobija,2.0048939899037454e-05,21,2019-08-01
2019-08,cochabamba,5.792071113924688e-05,32,2019-08-01
2019-08,la_paz_el_alto,2.8374957052837635e-05,32,2019-08-01
2019-08,montero,2.490558488550771e-05,31,2019-08-01
2019-08,oruro,1.3905611085188175e-05,30,2019-08-01
2019-08,potosi,1.373375209500236e-05,30,2019-08-01
2019-08,santa_cruz,2.3920283661433404e-05,32,2019-08-01
2019-08,sucre,1.890073650167406e-05,30,2019-08-01
2019-08,tarija,1.8391894657381772e-05,28,2019-08-01
2019-08,trinidad,2.3102602562448393e-05,26,2019-08-01
2019-08,yacuiba,1.4833877728937233e-05,25,2019-08-01
2019-09,cobija,2.13131326256086e-05,20,2019-09-01
2019-09,cochabamba,4.2534434432782537e-05,23,2019-09-01
2019-09,la_paz_el_alto,1.9830497053138105e-05,23,2019-09-01
2019-09,montero,3.0327079092216703e-05,24,2019-09-01
2019-09,oruro,1.453688388057396e-05,20,2019-09-01
2019-09,potosi,1.4566804537148856e-05,20,2019-09-01
2019-09,santa_cruz,3.2719932515841966e-05,26,2019-09-01
2019-09,sucre,1.9096835147202873e-05,24,2019-09-01
2019-09,tarija,1.736067150960868e-05,28,2019-09-01
2019-09,trinidad,4.019666853380846e-05,21,2019-09-01
2019-09,yacuiba,1.9754510919969175e-05,21,2019-09-01
2019-10,cochabamba,2.018941345378995e-05,29,2019-10-01
2019-10,la_paz_el_alto,1.1809074372254201e-05,28,2019-10-01
2019-10,montero,2.1490418931723268e-05,23,2019-10-01
2019-10,oruro,5.255407671974083e-06,24,2019-10-01
2019-10,potosi,7.533921683576047e-06,15,2019-10-01
2019-10,santa_cruz,2.126141421685553e-05,23,2019-10-01
2019-10,sucre,8.064449096105066e-06,26,2019-10-01
2019-10,tarija,9.621064092323391e-06,24,2019-10-01
2019-10,trinidad,2.476343450248628e-05,21,2019-10-01
2019-10,yacuiba,1.5344010980570552e-05,20,2019-10-01
2019-11,cochabamba,1.4676430661209371e-05,18,2019-11-01
2019-11,la_paz_el_alto,4.807398582815339e-06,24,2019-11-01
2019-11,montero,1.4088430359762253e-05,20,2019-11-01
2019-11,oruro,5.7609575608300285e-06,16,2019-11-01
2019-11,potosi,4.07541494527246e-06,15,2019-11-01
2019-11,santa_cruz,1.523913475688097e-05,24,2019-11-01
2019-11,sucre,5.958105882234411e-06,17,2019-11-01
2019-11,tarija,8.702228887714328e-06,20,2019-11-01
2019-11,trinidad,1.0480704048559405e-05,19,2019-11-01
2019-11,yacuiba,1.0093914742150644e-05,23,2019-11-01
2019-12,la_paz_el_alto,5.808374866304213e-06,15,2019-12-01
2019-12,montero,1.0555178116914958e-05,17,2019-12-01
2019-12,oruro,5.7343129042411525e-06,15,2019-12-01
2019-12,santa_cruz,9.569610128591209e-06,22,2019-12-01
2019-12,sucre,7.5438003226690304e-06,18,2019-12-01
2020-01,cobija,8.820145738655184e-06,15,2020-01-01
2020-01,cochabamba,2.1078779142578896e-05,19,2020-01-01
2020-01,la_paz_el_alto,9.800599647305829e-06,20,2020-01-01
2020-01,montero,1.2468371275462397e-05,15,2020-01-01
2020-01,oruro,9.760285811393834e-06,15,2020-01-01
2020-01,santa_cruz,1.2100432376348175e-05,24,2020-01-01
2020-01,sucre,1.2505875175952475e-05,19,2020-01-01
2020-01,tarija,1.0697596225126204e-05,18,2020-01-01
2020-01,yacuiba,7.902368977305695e-06,17,2020-01-01
2020-02,montero,1.0358101559533844e-05,16,2020-02-01
2020-02,santa_cruz,9.966488975762464e-06,25,2020-02-01
2020-02,sucre,9.69203199091063e-06,15,2020-02-01
2020-03,cochabamba,1.9361967490248675e-05,21,2020-03-01
2020-03,la_paz_el_alto,8.829258992971986e-06,23,2020-03-01
2020-03,montero,8.520284921603565e-06,22,2020-03-01
2020-03,oruro,6.2546638089103025e-06,19,2020-03-01
2020-03,potosi,6.774602854659632e-06,19,2020-03-01
2020-03,santa_cruz,1.0376458200894134e-05,27,2020-03-01
2020-03,sucre,7.291744676361571e-06,23,2020-03-01
2020-03,tarija,9.00599239327801e-06,17,2020-03-01
2020-03,trinidad,8.665060459492855e-06,16,2020-03-01
2020-03,yacuiba,7.876085237156175e-06,20,2020-03-01
2020-04,cochabamba,1.0409872886999569e-05,25,2020-04-01
2020-04,la_paz_el_alto,5.972928528009197e-06,25,2020-04-01
2020-04,montero,9.101153476186222e-06,22,2020-04-01
2020-04,oruro,3.6943896714601787e-06,28,2020-04-01
2020-04,potosi,3.869245686508217e-06,23,2020-04-01
2020-04,santa_cruz,7.83106526694395e-06,29,2020-04-01
2020-04,sucre,6.0974482869600385e-06,25,2020-04-01
2020-04,tarija,7.986879503043346e-06,19,2020-04-01
2020-04,trinidad,7.055684300996405e-06,20,2020-04-01
2020-04,yacuiba,6.2522987699040225e-06,16,2020-04-01
2020-05,cobija,4.896391977217799e-06,18,2020-05-01
2020-05,cochabamba,1.3815054953095603e-05,29,2020-05-01
2020-05,la_paz_el_alto,9.33154714893872e-06,30,2020-05-01
2020-05,montero,7.1911262689957335e-06,23,2020-05-01
2020-05,oruro,3.98515709569242e-06,30,2020-05-01
2020-05,potosi,3.3295264810819202e-06,29,2020-05-01
2020-05,santa_cruz,7.072937781709499e-06,24,2020-05-01
2020-05,sucre,5.350425485150324e-06,27,2020-05-01
2020-05,tarija,6.410689260068364e-06,27,2020-05-01
2020-05,trinidad,5.944769048265841e-06,21,2020-05-01
2020-05,yacuiba,6.876532914730004e-06,23,2020-05-01
2020-06,cobija,4.394284473453693e-06,18,2020-06-01
2020-06,cochabamba,2.475299092272438e-05,32,2020-06-01
2020-06,la_paz_el_alto,1.4514699302167575e-05,32,2020-06-01
2020-06,montero,8.455204107751013e-06,17,2020-06-01
2020-06,oruro,5.5102852177227695e-06,30,2020-06-01
2020-06,potosi,4.5804476427382045e-06,29,2020-06-01
2020-06,santa_cruz,7.176377498356883e-06,20,2020-06-01
2020-06,sucre,8.25216455318338e-06,30,2020-06-01
2020-06,tarija,7.277476627854234e-06,29,2020-06-01
2020-06,trinidad,8.951148998133213e-06,19,2020-06-01
2020-06,yacuiba,8.162248776647885e-06,20,2020-06-01
2020-07,cobija,8.15091434945145e-06,18,2020-07-01
2020-07,cochabamba,2.696606183867758e-05,29,2020-07-01
2020-07,la_paz_el_alto,2.3972451657269602e-05,30,2020-07-01
2020-07,montero,1.4902131152149181e-05,17,2020-07-01
2020-07,oruro,1.0067980680817705e-05,28,2020-07-01
2020-07,potosi,6.1581396533234125e-06,29,2020-07-01
2020-07,santa_cruz,1.4691015350980504e-05,20,2020-07-01
2020-07,sucre,9.640227969583512e-06,28,2020-07-01
2020-07,tarija,9.749422404055543e-06,33,2020-07-01
2020-07,trinidad,1.6248363713216938e-05,21,2020-07-01
2020-07,yacuiba,8.392680285083264e-06,20,2020-07-01
2020-08,cobija,1.7731162207852554e-05,21,2020-08-01
2020-08,cochabamba,3.512363301714165e-05,29,2020-08-01
2020-08,la_paz_el_alto,1.9331337983580632e-05,29,2020-08-01
2020-08,montero,2.4547876950553083e-05,21,2020-08-01
2020-08,oruro,9.581098926417061e-06,29,2020-08-01
2020-08,potosi,1.0712544106008587e-05,30,2020-08-01
2020-08,santa_cruz,2.256001399966621e-05,25,2020-08-01
2020-08,sucre,1.513725883489924e-05,28,2020-08-01
2020-08,tarija,1.6295756282092157e-05,30,2020-08-01
2020-08,trinidad,2.551189559426441e-05,23,2020-08-01
2020-08,yacuiba,1.8017593667430157e-05,27,2020-08-01
2020-09,cochabamba,4.055467472693257e-05,26,2020-09-01
2020-09,la_paz_el_alto,2.0859356754871597e-05,23,2020-09-01
2020-09,montero,2.9421381258057617e-05,21,2020-09-01
2020-09,oruro,1.5856728554666085e-05,22,2020-09-01
2020-09,potosi,1.4168426397854544e-05,21,2020-09-01
2020-09,santa_cruz,2.9759574533624036e-05,26,2020-09-01
2020-09,sucre,1.9261786159432564e-05,25,2020-09-01
2020-09,tarija,1.6774511587658865e-05,26,2020-09-01
2020-09,trinidad,3.4313380588008396e-05,20,2020-09-01
2020-09,yacuiba,2.520451996012926e-05,20,2020-09-01
2020-10,cochabamba,1.9824977355533336e-05,23,2020-10-01
2020-10,la_paz_el_alto,8.251931806476139e-06,26,2020-10-01
2020-10,montero,1.7042793422986407e-05,22,2020-10-01
2020-10,oruro,6.386205090883869e-06,21,2020-10-01
2020-10,potosi,7.413005247265028e-06,19,2020-10-01
2020-10,santa_cruz,1.7954531025277693e-05,29,2020-10-01
2020-10,sucre,1.1365916146804624e-05,23,2020-10-01
2020-10,tarija,1.3391170700504034e-05,22,2020-10-01
2020-10,trinidad,1.5753998437694985e-05,24,2020-10-01
2020-10,yacuiba,2.8163058748707367e-05,19,2020-10-01
2020-11,cochabamba,2.0499500542037456e-05,25,2020-11-01
2020-11,la_paz_el_alto,8.078846885890625e-06,29,2020-11-01
2020-11,montero,1.5238844450418954e-05,19,2020-11-01
2020-11,oruro,4.5507772461976885e-06,25,2020-11-01
2020-11,potosi,7.096765714604027e-06,19,2020-11-01
2020-11,santa_cruz,1.9627227155534847e-05,25,2020-11-01
2020-11,sucre,7.397200104607724e-06,23,2020-11-01
2020-11,tarija,8.323458854412431e-06,16,2020-11-01
2020-11,trinidad,1.5730128632823282e-05,20,2020-11-01
2020-11,yacuiba,1.876761632352875e-05,19,2020-11-01
2020-12,cobija,4.4039347535145205e-06,16,2020-12-01
2020-12,cochabamba,1.5309583234288914e-05,18,2020-12-01
2020-12,la_paz_el_alto,9.009384067717672e-06,19,2020-12-01
2020-12,montero,1.1388133280871823e-05,22,2020-12-01
2020-12,oruro,4.044571422749489e-06,17,2020-12-01
2020-12,santa_cruz,1.3113383765748122e-05,26,2020-12-01
2020-12,sucre,7.858108597010104e-06,16,2020-12-01
2020-12,tarija,1.0345088903726737e-05,18,2020-12-01
2020-12,yacuiba,1.1459740266002919e-05,15,2020-12-01
2021-01,cobija,6.975204725573434e-06,15,2021-01-01
2021-01,santa_cruz,8.68582068269345e-06,20,2021-01-01
2021-01,tarija,9.566199288233037e-06,17,2021-01-01
2021-01,yacuiba,8.156913991577048e-06,18,2021-01-01
2021-02,cochabamba,1.924915362807311e-05,16,2021-02-01
2021-02,la_paz_el_alto,6.7245381377222975e-06,19,2021-02-01
2021-02,montero,7.354154757383458e-06,15,2021-02-01
2021-02,oruro,6.586705029366505e-06,19,2021-02-01
2021-02,santa_cruz,1.1761622671765316e-05,21,2021-02-01
2021-02,sucre,9.821745618663054e-06,18,2021-02-01
2021-02,trinidad,1.228966926308009e-05,15,2021-02-01
2021-02,yacuiba,9.117551726591103e-06,17,2021-02-01
2021-03,cobija,6.222449928777767e-06,15,2021-03-01
2021-03,cochabamba,1.5319575734906398e-05,15,2021-03-01
2021-03,la_paz_el_alto,5.572853124545883e-06,19,2021-03-01
2021-03,montero,7.518770172111507e-06,21,2021-03-01
2021-03,santa_cruz,1.0431934220248304e-05,27,2021-03-01
2021-03,sucre,7.441456095386828e-06,16,2021-03-01
2021-03,tarija,6.939235364692867e-06,17,2021-03-01
2021-03,yacuiba,7.840877342255482e-06,16,2021-03-01
2021-04,cochabamba,2.3280979783048887e-05,24,2021-04-01
2021-04,la_paz_el_alto,1.2948167598709795e-05,26,2021-04-01
2021-04,montero,9.256333909549173e-06,15,2021-04-01
2021-04,oruro,6.374783349502025e-06,25,2021-04-01
2021-04,potosi,6.024199558156651e-06,25,2021-04-01
2021-04,santa_cruz,8.007822378995087e-06,21,2021-04-01
2021-04,sucre,5.68608437212786e-06,26,2021-04-01
2021-05,cochabamba,2.9641965591031113e-05,31,2021-05-01
2021-05,la_paz_el_alto,1.4301727471388505e-05,30,2021-05-01
2021-05,montero,1.1884880651561806e-05,19,2021-05-01
2021-05,oruro,7.176471333980498e-06,29,2021-05-01
2021-05,potosi,4.505597375955953e-06,27,2021-05-01
2021-05,santa_cruz,1.3902124395651921e-05,20,2021-05-01
2021-05,sucre,7.678679779227864e-06,29,2021-05-01
2021-05,tarija,1.1804518600562151e-05,26,2021-05-01
2021-05,trinidad,7.776024400654243e-06,22,2021-05-01
2021-05,yacuiba,8.861566109876753e-06,17,2021-05-01
2021-06,cobija,8.590219058065569e-06,15,2021-06-01
2021-06,cochabamba,2.8701431439084554e-05,29,2021-06-01
2021-06,la_paz_el_alto,1.726273636351676e-05,31,2021-06-01
2021-06,montero,1.3825041597006144e-05,15,2021-06-01
2021-06,oruro,6.216350137736881e-06,30,2021-06-01
2021-06,potosi,5.562776610368643e-06,31,2021-06-01
2021-06,santa_cruz,1.1669416802465114e-05,17,2021-06-01
2021-06,sucre,9.123198249775819e-06,30,2021-06-01
2021-06,tarija,1.0720262538061104e-05,29,2021-06-01
2021-06,trinidad,1.1937208881856157e-05,18,2021-06-01
2021-07,cobija,1.2579064705533159e-05,28,2021-07-01
2021-07,cochabamba,4.7253251480653376e-05,32,2021-07-01
2021-07,la_paz_el_alto,2.2867133631968372e-05,32,2021-07-01
2021-07,montero,1.449068792769674e-05,26,2021-07-01
2021-07,oruro,1.0150962546998818e-05,30,2021-07-01
2021-07,potosi,7.154963693400513e-06,27,2021-07-01
2021-07,santa_cruz,1.587091139960773e-05,28,2021-07-01
2021-07,sucre,1.0582532445962921e-05,30,2021-07-01
2021-07,tarija,1.3274783684802603e-05,30,2021-07-01
2021-07,trinidad,2.183830730173373e-05,29,2021-07-01
2021-07,yacuiba,1.2198419643405151e-05,27,2021-07-01
2021-08,cobija,2.2306112967307932e-05,21,2021-08-01
2021-08,cochabamba,4.424931683181517e-05,31,2021-08-01
2021-08,la_paz_el_alto,2.3152996369681583e-05,32,2021-08-01
2021-08,montero,4.244080422812052e-05,23,2021-08-01
2021-08,oruro,1.1086912648799755e-05,29,2021-08-01
2021-08,potosi,1.1452108898241476e-05,31,2021-08-01
2021-08,santa_cruz,2.793242586593049e-05,30,2021-08-01
2021-08,sucre,1.4260372171130637e-05,30,2021-08-01
2021-08,tarija,1.4634030170344907e-05,32,2021-08-01
2021-08,trinidad,3.839308943849863e-05,27,2021-08-01
2021-08,yacuiba,1.820272440872382e-05,25,2021-08-01
2021-09,cobija,2.15789603169742e-05,17,2021-09-01
2021-09,cochabamba,3.585020830749851e-05,27,2021-09-01
2021-09,la_paz_el_alto,1.79902011988983e-05,27,2021-09-01
2021-09,montero,2.9920961820213106e-05,26,2021-09-01
2021-09,oruro,1.2538947665414621e-05,24,2021-09-01
2021-09,potosi,1.1388592165366531e-05,24,2021-09-01
2021-09,santa_cruz,3.0422879730995084e-05,27,2021-09-01
2021-09,sucre,1.702804134838446e-05,27,2021-09-01
2021-09,tarija,1.829809372692632e-05,24,2021-09-01
2021-09,trinidad,3.317674490753575e-05,24,2021-09-01
2021-09,yacuiba,1.7395473804628244e-05,23,2021-09-01
2021-10,cochabamba,2.5069591218032034e-05,29,2021-10-01
2021-10,la_paz_el_alto,1.2908628801625775e-05,29,2021-10-01
2021-10,montero,2.972478459130005e-05,23,2021-10-01
2021-10,oruro,5.575869691285377e-06,26,2021-10-01
2021-10,potosi,5.640363902907112e-06,22,2021-10-01
2021-10,santa_cruz,2.287631596654199e-05,26,2021-10-01
2021-10,sucre,6.557506934085318e-06,27,2021-10-01
2021-10,tarija,8.586486360914762e-06,22,2021-10-01
2021-10,trinidad,2.9880972960686494e-05,23,2021-10-01
2021-10,yacuiba,1.283600613156223e-05,18,2021-10-01
2021-11,cobija,8.251410712341276e-06,15,2021-11-01
2021-11,cochabamba,1.8170692022357523e-05,26,2021-11-01
2021-11,la_paz_el_alto,9.916093254271677e-06,26,2021-11-01
2021-11,montero,1.4442421711273471e-05,19,2021-11-01
2021-11,oruro,5.6899105332737385e-06,21,2021-11-01
2021-11,potosi,2.284081181191982e-06,17,2021-11-01
2021-11,santa_cruz,1.701715058174702e-05,24,2021-11-01
2021-11,sucre,6.222413070490586e-06,19,2021-11-01
2021-12,cobija,6.410133781682167e-06,15,2021-12-01
2021-12,la_paz_el_alto,7.170548198577133e-06,16,2021-12-01
2021-12,montero,1.4104930085162481e-05,20,2021-12-01
2021-12,oruro,8.573711100670471e-06,16,2021-12-01
2021-12,santa_cruz,1.5699890535709346e-05,25,2021-12-01
2021-12,sucre,8.770375761686915e-06,17,2021-12-01
2021-12,tarija,5.634266483873496e-06,16,2021-12-01
2022-01,cobija,9.163064381667922e-06,16,2022-01-01
2022-01,cochabamba,1.807563597454258e-05,25,2022-01-01
2022-01,la_paz_el_alto,6.0603220618447685e-06,27,2022-01-01
2022-01,montero,1.3188028980290752e-05,25,2022-01-01
2022-01,oruro,6.552005931000412e-06,18,2022-01-01
2022-01,santa_cruz,1.50001898345257e-05,30,2022-01-01
2022-01,sucre,1.0994969219333795e-05,18,2022-01-01
2022-01,trinidad,9.68816983667536e-06,20,2022-01-01
2022-01,yacuiba,9.051235497538347e-06,23,2022-01-01
2022-02,cochabamba,1.7808476932447026e-05,18,2022-02-01
2022-02,la_paz_el_alto,6.607505109929367e-06,19,2022-02-01
2022-02,montero,1.1267261896678387e-05,22,2022-02-01
2022-02,oruro,6.557439684060156e-06,18,2022-02-01
2022-02,santa_cruz,1.3532093727709735e-05,27,2022-02-01
2022-02,sucre,7.51167162604444e-06,19,2022-02-01
2022-02,tarija,7.017399764123174e-06,15,2022-02-01
2022-02,trinidad,7.1775728588267915e-06,15,2022-02-01
2022-02,yacuiba,4.95549235410047e-06,17,2022-02-01
2022-03,cochabamba,2.0884686856648752e-05,18,2022-03-01
2022-03,la_paz_el_alto,7.407394930142765e-06,26,2022-03-01
2022-03,montero,1.078115213011505e-05,19,2022-03-01
2022-03,oruro,4.331868999425007e-06,23,2022-03-01
2022-03,potosi,4.276188082915821e-06,21,2022-03-01
2022-03,santa_cruz,1.1667127575368078e-05,24,2022-03-01
2022-03,sucre,6.711272273970035e-06,19,2022-03-01
2022-03,tarija,7.375741089328717e-06,23,2022-03-01
2022-03,trinidad,8.777346124726934e-06,15,2022-03-01
2022-03,yacuiba,7.169631171262736e-06,18,2022-03-01
2022-04,cobija,4.7113834397565555e-06,15,2022-04-01
2022-04,cochabamba,2.5696062867688905e-05,26,2022-04-01
2022-04,la_paz_el_alto,1.4668807933555035e-05,28,2022-04-01
2022-04,montero,7.385047124201949e-06,24,2022-04-01
2022-04,oruro,3.827027107354429e-06,25,2022-04-01
2022-04,potosi,6.370448901006768e-06,24,2022-04-01
2022-04,santa_cruz,8.862740261872982e-06,26,2022-04-01
2022-04,sucre,5.489563723873803e-06,27,2022-04-01
2022-04,tarija,1.0236736681346369e-05,26,2022-04-01
2022-04,trinidad,6.934862090154601e-06,24,2022-04-01
2022-04,yacuiba,6.367793525238609e-06,15,2022-04-01
2022-05,cochabamba,3.330352453918778e-05,30,2022-05-01
2022-05,la_paz_el_alto,1.706801843775917e-05,31,2022-05-01
2022-05,montero,1.1224960824403289e-05,16,2022-05-01
2022-05,oruro,7.858984271222162e-06,29,2022-05-01
2022-05,potosi,5.940618118647933e-06,32,2022-05-01
2022-05,santa_cruz,1.1669609769838104e-05,22,2022-05-01
2022-05,sucre,8.074805760865659e-06,29,2022-05-01
2022-05,tarija,1.1392894888048638e-05,27,2022-05-01
2022-05,trinidad,8.881225589146024e-06,21,2022-05-01
2022-05,yacuiba,7.531971170693241e-06,15,2022-05-01
2022-06,cobija,8.11290966031091e-06,19,2022-06-01
2022-06,cochabamba,3.705826771979024e-05,31,2022-06-01
2022-06,la_paz_el_alto,1.6766945967779205e-05,31,2022-06-01
2022-06,montero,1.428816784650185e-05,25,2022-06-01
2022-06,oruro,7.712649554671037e-06,30,2022-06-01
2022-06,potosi,8.433786970845827e-06,29,2022-06-01
2022-06,santa_cruz,1.4205421390440329e-05,28,2022-06-01
2022-06,sucre,1.0351912086804937e-05,29,2022-06-01
2022-06,tarija,1.2671059790592116e-05,32,2022-06-01
2022-06,trinidad,1.1032749489447358e-05,24,2022-06-01
2022-06,yacuiba,9.704994779874527e-06,18,2022-06-01
2022-07,cobija,6.955655501703099e-06,27,2022-07-01
2022-07,cochabamba,4.575421869584053e-05,31,2022-07-01
2022-07,la_paz_el_alto,2.8457150543394345e-05,33,2022-07-01
2022-07,montero,1.638302196731968e-05,26,2022-07-01
2022-07,oruro,1.0002040296932703e-05,30,2022-07-01
2022-07,potosi,8.855653777242212e-06,29,2022-07-01
2022-07,santa_cruz,1.7352876932573516e-05,27,2022-07-01
2022-07,sucre,1.1384372183311932e-05,31,2022-07-01
2022-07,tarija,1.5162489100187268e-05,30,2022-07-01
2022-07,trinidad,2.805420088864296e-05,26,2022-07-01
2022-07,yacuiba,1.6271139389944442e-05,22,2022-07-01
2022-08,cobija,2.4813785945196827e-05,16,2022-08-01
2022-08,cochabamba,4.815047377473699e-05,31,2022-08-01
2022-08,la_paz_el_alto,2.5820048334720612e-05,33,2022-08-01
2022-08,montero,2.9622960928040778e-05,20,2022-08-01
2022-08,oruro,1.1223870222456802e-05,30,2022-08-01
2022-08,potosi,1.028219401857457e-05,32,2022-08-01
2022-08,santa_cruz,2.8829840745933418e-05,22,2022-08-01
2022-08,sucre,1.4994596193896622e-05,30,2022-08-01
2022-08,tarija,1.6773786271773557e-05,33,2022-08-01
2022-08,trinidad,3.498223040469936e-05,21,2022-08-01
2022-08,yacuiba,1.8357565703712566e-05,25,2022-08-01
2022-09,cobija,2.4413932001244296e-05,15,2022-09-01
2022-09,cochabamba,3.515039487026581e-05,29,2022-09-01
2022-09,la_paz_el_alto,2.087338952921506e-05,31,2022-09-01
2022-09,montero,3.500859189298994e-05,20,2022-09-01
2022-09,oruro,9.909469013327744e-06,28,2022-09-01
2022-09,potosi,9.916524776506443e-06,30,2022-09-01
2022-09,santa_cruz,3.996751527580186e-05,22,2022-09-01
2022-09,sucre,1.495914863818163e-05,29,2022-09-01
2022-09,tarija,1.3904107877649084e-05,26,2022-09-01
2022-09,trinidad,5.777616167580768e-05,15,2022-09-01
2022-09,yacuiba,2.5511230784415697e-05,23,2022-09-01
2022-10,cobija,2.008765229232112e-05,17,2022-10-01
2022-10,cochabamba,2.9161379602663092e-05,31,2022-10-01
2022-10,la_paz_el_alto,1.8002412823900178e-05,31,2022-10-01
2022-10,montero,2.2397472454040265e-05,24,2022-10-01
2022-10,oruro,8.293413735258066e-06,26,2022-10-01
2022-10,potosi,8.040683387729956e-06,28,2022-10-01
2022-10,santa_cruz,2.115619738274215e-05,25,2022-10-01
2022-10,sucre,1.2277089640017002e-05,27,2022-10-01
2022-10,tarija,1.3523439139114784e-05,25,2022-10-01
2022-10,trinidad,2.0968695195160515e-05,18,2022-10-01
2022-10,yacuiba,2.101576758464008e-05,22,2022-10-01
2022-11,cobija,1.130148950112463e-05,18,2022-11-01
2022-11,cochabamba,2.2894285482744227e-05,28,2022-11-01
2022-11,la_paz_el_alto,1.282422765661106e-05,30,2022-11-01
2022-11,montero,1.582940909490601e-05,29,2022-11-01
2022-11,oruro,6.663003434983964e-06,27,2022-11-01
2022-11,potosi,6.576498045200233e-06,22,2022-11-01
2022-11,santa_cruz,1.891710222004201e-05,30,2022-11-01
2022-11,sucre,8.401233834897598e-06,26,2022-11-01
2022-11,tarija,1.1583960001016746e-05,21,2022-11-01
2022-11,trinidad,1.403298235940791e-05,25,2022-11-01
2022-11,yacuiba,2.8798858909036763e-05,26,2022-11-01
2022-12,cochabamba,1.70778353321991e-05,21,2022-12-01
2022-12,la_paz_el_alto,8.805553079916641e-06,29,2022-12-01
2022-12,montero,1.23498663146292e-05,24,2022-12-01
2022-12,oruro,8.17507889603561e-06,22,2022-12-01
2022-12,santa_cruz,1.729702678539783e-05,29,2022-12-01
2022-12,sucre,5.807001304574067e-06,17,2022-12-01
2022-12,trinidad,8.556041736621474e-06,16,2022-12-01
2022-12,yacuiba,1.6022493990441695e-05,15,2022-12-01
2023-01,cochabamba,1.9404279913400336e-05,21,2023-01-01
2023-01,la_paz_el_alto,1.0228981427899803e-05,23,2023-01-01
2023-01,montero,9.177862928736297e-06,18,2023-01-01
2023-01,oruro,8.630082626204925e-06,25,2023-01-01
2023-01,potosi,5.4606656570648195e-06,15,2023-01-01
2023-01,santa_cruz,1.1491834956368621e-05,24,2023-01-01
2023-01,sucre,8.312723048627456e-06,19,2023-01-01
2023-01,tarija,9.470097032946888e-06,20,2023-01-01
2023-01,trinidad,7.645972782495228e-06,15,2023-01-01
2023-01,yacuiba,1.7228074907236272e-05,21,2023-01-01
2023-02,cochabamba,1.7967560831180398e-05,17,2023-02-01
2023-02,la_paz_el_alto,9.48448600041671e-06,23,2023-02-01
2023-02,montero,6.6885481468451495e-06,16,2023-02-01
2023-02,oruro,7.64100630475222e-06,21,2023-02-01
2023-02,potosi,6.392198693217389e-06,18,2023-02-01
2023-02,santa_cruz,9.866275439182862e-06,19,2023-02-01
2023-02,sucre,7.071756995636392e-06,17,2023-02-01
2023-02,tarija,7.357871586040426e-06,17,2023-02-01
2023-02,yacuiba,7.91492496637733e-06,17,2023-02-01
2023-03,cobija,8.146740322727189e-06,15,2023-03-01
2023-03,cochabamba,1.7599499849806127e-05,24,2023-03-01
2023-03,la_paz_el_alto,6.985458606943146e-06,31,2023-03-01
2023-03,montero,1.077127135208407e-05,20,2023-03-01
2023-03,oruro,5.04336604894098e-06,22,2023-03-01
2023-03,potosi,7.1501277970752295e-06,19,2023-03-01
2023-03,santa_cruz,1.1083338527349166e-05,24,2023-03-01
2023-03,sucre,6.4446153380448974e-06,22,2023-03-01
2023-03,tarija,5.176862432690611e-06,25,2023-03-01
2023-03,trinidad,6.329686667126958e-06,15,2023-03-01
2023-03,yacuiba,1.004217303439643e-05,20,2023-03-01
2023-04,cochabamba,2.7316559115608217e-05,28,2023-04-01
2023-04,la_paz_el_alto,1.7143173733900857e-05,30,2023-04-01
2023-04,montero,1.0416272807104926e-05,18,2023-04-01
2023-04,oruro,8.214600563648689e-06,30,2023-04-01
2023-04,potosi,7.449885794166619e-06,26,2023-04-01
2023-04,santa_cruz,1.03300664827822e-05,23,2023-04-01
2023-04,sucre,7.177085062470252e-06,30,2023-04-01
2023-04,tarija,8.673322483924352e-06,25,2023-04-01
2023-04,trinidad,8.02369205097444e-06,17,2023-04-01
2023-05,cochabamba,3.8798504920442666e-05,24,2023-05-01
2023-05,la_paz_el_alto,2.2466625182314793e-05,25,2023-05-01
2023-05,oruro,1.0451721457764046e-05,22,2023-05-01
2023-05,potosi,6.642735518265969e-06,25,2023-05-01
2023-05,santa_cruz,8.871098418170596e-06,17,2023-05-01
2023-05,sucre,9.427869981464843e-06,24,2023-05-01
2023-05,tarija,1.082414649878658e-05,26,2023-05-01
2023-05,trinidad,5.7187023964870336e-06,15,2023-05-01
2023-06,cobija,1.0048683611501903e-05,20,2023-06-01
2023-06,cochabamba,4.886123050068904e-05,28,2023-06-01
2023-06,la_paz_el_alto,2.6907574581754275e-05,31,2023-06-01
2023-06,montero,8.295487942611779e-06,22,2023-06-01
2023-06,oruro,1.2368692137230073e-05,30,2023-06-01
2023-06,potosi,9.954312900569053e-06,30,2023-06-01
2023-06,santa_cruz,1.0193867971082903e-05,25,2023-06-01
2023-06,sucre,1.1504706395236972e-05,30,2023-06-01
2023-06,tarija,1.501618561479571e-05,26,2023-06-01
2023-06,trinidad,8.065517883016415e-06,24,2023-06-01
2023-06,yacuiba,9.221453075050222e-06,19,2023-06-01
2023-07,cobija,1.0930641124297202e-05,28,2023-07-01
2023-07,cochabamba,5.527266159704111e-05,29,2023-07-01
2023-07,la_paz_el_alto,3.322768720417741e-05,31,2023-07-01
2023-07,montero,1.6238326349417226e-05,20,2023-07-01
2023-07,oruro,1.3943064349398287e-05,31,2023-07-01
2023-07,potosi,9.708595570248835e-06,32,2023-07-01
2023-07,santa_cruz,1.7147531187782965e-05,20,2023-07-01
2023-07,sucre,1.2701433745541885e-05,31,2023-07-01
2023-07,tarija,1.6314186332390608e-05,32,2023-07-01
2023-07,trinidad,1.9912899150118712e-05,27,2023-07-01
2023-08,cobija,1.4955702269084397e-05,22,2023-08-01
2023-08,cochabamba,5.4985141547928526e-05,31,2023-08-01
2023-08,la_paz_el_alto,2.7370521556847312e-05,32,2023-08-01
2023-08,montero,2.583991256923017e-05,26,2023-08-01
2023-08,oruro,1.3066788768518408e-05,28,2023-08-01
2023-08,potosi,1.052445816680512e-05,31,2023-08-01
2023-08,santa_cruz,3.129377713508001e-05,27,2023-08-01
2023-08,sucre,1.9384020210837425e-05,30,2023-08-01
2023-08,tarija,1.5352117629086472e-05,33,2023-08-01
2023-08,trinidad,3.032643816393857e-05,24,2023-08-01
2023-08,yacuiba,1.74504797325172e-05,31,2023-08-01
2023-09,cobija,2.465957183118275e-05,18,2023-09-01
2023-09,cochabamba,3.785234274812674e-05,31,2023-09-01
2023-09,la_paz_el_alto,2.346470051735364e-05,30,2023-09-01
2023-09,montero,3.074088988398911e-05,25,2023-09-01
2023-09,oruro,1.2339827134580034e-05,27,2023-09-01
2023-09,potosi,1.1000683245306225e-05,28,2023-09-01
2023-09,santa_cruz,4.159827385799505e-05,25,2023-09-01
2023-09,sucre,1.5797043478709783e-05,27,2023-09-01
2023-09,tarija,1.7128897289694145e-05,30,2023-09-01
2023-09,trinidad,4.862197336239253e-05,23,2023-09-01
2023-09,yacuiba,2.4740007402163443e-05,19,2023-09-01
2023-10,cobija,1.4289857039540485e-05,18,2023-10-01
2023-10,cochabamba,2.555835573277863e-05,26,2023-10-01
2023-10,la_paz_el_alto,1.3478357648517554e-05,24,2023-10-01
2023-10,montero,3.2822859296151214e-05,19,2023-10-01
2023-10,oruro,6.768949510904335e-06,25,2023-10-01
2023-10,potosi,7.675165056224297e-06,26,2023-10-01
2023-10,santa_cruz,3.796572427620964e-05,22,2023-10-01
2023-10,sucre,1.0175351292433763e-05,26,2023-10-01
2023-10,tarija,1.681541647942834e-05,28,2023-10-01
2023-10,trinidad,4.204254254393158e-05,18,2023-10-01
2023-10,yacuiba,2.418070416637988e-05,16,2023-10-01
2023-11,cobija,8.938528038829556e-06,18,2023-11-01
2023-11,cochabamba,1.5187878838223483e-05,23,2023-11-01
2023-11,la_paz_el_alto,7.916294008331771e-06,23,2023-11-01
2023-11,montero,1.9691912629202866e-05,18,2023-11-01
2023-11,oruro,6.899091728826903e-06,26,2023-11-01
2023-11,potosi,1.6582327114181696e-06,15,2023-11-01
2023-11,santa_cruz,2.22703370328468e-05,25,2023-11-01
2023-11,sucre,6.812932617257622e-06,24,2023-11-01
2023-11,tarija,8.008135229674572e-06,21,2023-11-01
2023-11,trinidad,1.7792246601023196e-05,17,2023-11-01
2023-12,cochabamba,1.4244180453386232e-05,15,2023-12-01
2023-12,la_paz_el_alto,6.7543178154957334e-06,25,2023-12-01
2023-12,montero,1.2964152264437863e-05,20,2023-12-01
2023-12,santa_cruz,1.4284280201175131e-05,25,2023-12-01
2023-12,sucre,6.177792690097874e-06,25,2023-12-01
2023-12,trinidad,9.503123115061267e-06,15,2023-12-01
2024-01,cobija,7.13217203543553e-06,15,2024-01-01
2024-01,cochabamba,1.9123472518296293e-05,24,2024-01-01
2024-01,la_paz_el_alto,6.653281910938674e-06,24,2024-01-01
2024-01,montero,1.0722780776985856e-05,20,2024-01-01
2024-01,oruro,6.740018322113352e-06,27,2024-01-01
2024-01,potosi,7.591161420275016e-06,16,2024-01-01
2024-01,santa_cruz,1.3020779654226087e-05,26,2024-01-01
2024-01,sucre,5.544088751697174e-06,24,2024-01-01
2024-01,tarija,6.729228283741304e-06,23,2024-01-01
2024-01,yacuiba,9.275368159763865e-06,23,2024-01-01
2024-02,la_paz_el_alto,6.404102278949768e-06,21,2024-02-01
2024-02,montero,1.2341466528523291e-05,17,2024-02-01
2024-02,oruro,6.902975752428936e-06,17,2024-02-01
2024-02,santa_cruz,1.3721799184792147e-05,23,2024-02-01
2024-02,sucre,6.248812125004688e-06,18,2024-02-01
2024-02,tarija,6.2399853199698995e-06,22,2024-02-01
2024-02,yacuiba,9.000781664090654e-06,18,2024-02-01
2024-03,cobija,5.55372351389906e-06,19,2024-03-01
2024-03,cochabamba,1.7666252133023003e-05,25,2024-03-01
2024-03,la_paz_el_alto,5.629503558993581e-06,23,2024-03-01
2024-03,montero,1.0610785431763265e-05,21,2024-03-01
2024-03,oruro,2.493587944047973e-06,21,2024-03-01
2024-03,potosi,5.470474782595111e-06,17,2024-03-01
2024-03,santa_cruz,1.097393485617135e-05,27,2024-03-01
2024-03,sucre,6.8195725903344524e-06,23,2024-03-01
2024-03,tarija,7.767681070024839e-06,26,2024-03-01
2024-03,trinidad,5.631388939069241e-06,15,2024-03-01
2024-03,yacuiba,1.1317527794672754e-05,17,2024-03-01
2024-04,cobija,5.56321595681212e-06,19,2024-04-01
2024-04,cochabamba,2.743373855545077e-05,26,2024-04-01
2024-04,la_paz_el_alto,1.0814238064129487e-05,25,2024-04-01
2024-04,montero,9.857031724147198e-06,21,2024-04-01
2024-04,oruro,7.676450874160709e-06,28,2024-04-01
2024-04,potosi,7.555154235094764e-06,23,2024-04-01
2024-04,santa_cruz,1.0709400017095469e-05,23,2024-04-01
2024-04,sucre,6.599683488189612e-06,27,2024-04-01
2024-04,tarija,1.2163539189414454e-05,26,2024-04-01
2024-04,trinidad,8.446269153852347e-06,21,2024-04-01
2024-05,cochabamba,3.73083461803131e-05,29,2024-05-01
2024-05,la_paz_el_alto,1.9166890873870204e-05,30,2024-05-01
2024-05,montero,1.0143026357306058e-05,16,2024-05-01
2024-05,oruro,8.05313941863266e-06,29,2024-05-01
2024-05,potosi,5.54305694734231e-06,27,2024-05-01
2024-05,santa_cruz,9.579986519950853e-06,17,2024-05-01
2024-05,sucre,1.176105561680669e-05,31,2024-05-01
2024-05,tarija,1.3270785309084991e-05,29,2024-05-01
2024-05,trinidad,6.665520093694103e-06,16,2024-05-01
2024-06,cobija,5.2526561500227954e-06,23,2024-06-01
2024-06,cochabamba,4.9593791614210554e-05,31,2024-06-01
2024-06,la_paz_el_alto,2.8006491861308494e-05,31,2024-06-01
2024-06,montero,8.107623120507192e-06,17,2024-06-01
2024-06,oruro,1.145311131292462e-05,29,2024-06-01
2024-06,potosi,8.114085866686539e-06,31,2024-06-01
2024-06,santa_cruz,9.004431359737315e-06,23,2024-06-01
2024-06,sucre,1.3277011371149717e-05,29,2024-06-01
2024-06,tarija,1.6162003937631077e-05,34,2024-06-01
2024-06,trinidad,1.0210014707780657e-05,21,2024-06-01
2024-06,yacuiba,1.0737092515004259e-05,25,2024-06-01
2024-07,cobija,1.2186293951334944e-05,27,2024-07-01
2024-07,cochabamba,4.540093110610282e-05,33,2024-07-01
2024-07,la_paz_el_alto,2.7404837682761424e-05,33,2024-07-01
2024-07,montero,2.2515209331024337e-05,19,2024-07-01
2024-07,oruro,1.0798998166600897e-05,31,2024-07-01
2024-07,potosi,1.079355093168768e-05,32,2024-07-01
2024-07,santa_cruz,2.2212078125811647e-05,22,2024-07-01
2024-07,sucre,1.3362234815772665e-05,32,2024-07-01
2024-07,tarija,1.6715556088400654e-05,29,2024-07-01
2024-07,trinidad,2.5017824179863383e-05,25,2024-07-01
2024-07,yacuiba,1.2940286065268351e-05,17,2024-07-01
2024-08,cobija,2.4491969843507326e-05,18,2024-08-01
2024-08,cochabamba,4.828174449898212e-05,33,2024-08-01
2024-08,la_paz_el_alto,2.3217900884961534e-05,33,2024-08-01
2024-08,montero,3.4644824274794445e-05,18,2024-08-01
2024-08,oruro,1.2324939520056528e-05,30,2024-08-01
2024-08,potosi,9.667408169089037e-06,32,2024-08-01
2024-08,santa_cruz,3.072599877198019e-05,22,2024-08-01
2024-08,sucre,1.3805874544284715e-05,33,2024-08-01
2024-08,tarija,1.570107835195369e-05,32,2024-08-01
2024-08,trinidad,4.1659212338394774e-05,19,2024-08-01
2024-08,yacuiba,1.8521032122642905e-05,25,2024-08-01
2024-09,cochabamba,3.977557659878269e-05,30,2024-09-01
2024-09,la_paz_el_alto,1.952246339377978e-05,30,2024-09-01
2024-09,oruro,9.744574692046691e-06,22,2024-09-01
2024-09,potosi,1.299164203162093e-05,19,2024-09-01
2024-09,santa_cruz,4.39934790824698e-05,22,2024-09-01
2024-09,sucre,1.4242884616632552e-05,27,2024-09-01
2024-09,tarija,2.1416106852486633e-05,30,2024-09-01
2024-09,yacuiba,2.3404435710129995e-05,26,2024-09-01
2024-10,cobija,1.4296953222022337e-05,17,2024-10-01
2024-10,cochabamba,2.828586321339051e-05,22,2024-10-01
2024-10,la_paz_el_alto,1.7479764686383062e-05,25,2024-10-01
2024-10,montero,2.944379097453556e-05,16,2024-10-01
2024-10,oruro,1.0271760498350934e-05,26,2024-10-01
2024-10,potosi,8.834867135970315e-06,21,2024-10-01
2024-10,santa_cruz,2.9216955243936797e-05,24,2024-10-01
2024-10,sucre,1.289778285160234e-05,26,2024-10-01
2024-10,tarija,1.77324622683324e-05,25,2024-10-01
2024-10,yacuiba,2.532622082901192e-05,25,2024-10-01
2024-11,cochabamba,1.9747646656126117e-05,27,2024-11-01
2024-11,la_paz_el_alto,9.270064716169851e-06,18,2024-11-01
2024-11,montero,1.3840578765635616e-05,19,2024-11-01
2024-11,oruro,8.979791658987066e-06,22,2024-11-01
2024-11,santa_cruz,1.810923759545899e-05,24,2024-11-01
2024-11,sucre,8.623875808390935e-06,23,2024-11-01
2024-11,tarija,1.0898878008452846e-05,19,2024-11-01
2024-11,trinidad,9.52424297371553e-06,19,2024-11-01
2024-11,yacuiba,1.1210579015488667e-05,17,2024-11-01
2024-12,cobija,8.498728849591085e-06,24,2024-12-01
2024-12,cochabamba,2.1438208288639056e-05,21,2024-12-01
2024-12,la_paz_el_alto,8.044483906020937e-06,20,2024-12-01
2024-12,montero,1.1689036345057819e-05,18,2024-12-01
2024-12,oruro,8.115050911104443e-06,20,2024-12-01
2024-12,santa_cruz,1.0511292747898058e-05,22,2024-12-01
2024-12,sucre,5.303884037494799e-06,20,2024-12-01
2024-12,tarija,7.594752572017662e-06,16,2024-12-01
2024-12,trinidad,7.835863887632779e-06,15,2024-12-01
2024-12,yacuiba,7.885030431416032e-06,19,2024-12-01
2025-01,cochabamba,2.120729859736612e-05,17,2025-01-01
2025-01,la_paz_el_alto,9.0295801474605e-06,19,2025-01-01
2025-01,oruro,5.929973580646856e-06,17,2025-01-01
2025-01,santa_cruz,1.2651093389003173e-05,27,2025-01-01
2025-01,sucre,9.451392652217921e-06,15,2025-01-01
2025-01,tarija,8.905819066675537e-06,18,2025-01-01
2025-01,yacuiba,9.349058413215887e-06,21,2025-01-01
2025-02,cochabamba,1.5354507141512767e-05,20,2025-02-01
2025-02,la_paz_el_alto,8.059570434746307e-06,23,2025-02-01
2025-02,montero,1.0808722992436533e-05,24,2025-02-01
2025-02,oruro,6.818629894424425e-06,19,2025-02-01
2025-02,santa_cruz,1.3821043270288816e-05,30,2025-02-01
2025-02,sucre,9.076705925515601e-06,20,2025-02-01
2025-02,tarija,8.898226280124433e-06,26,2025-02-01
2025-02,yacuiba,1.3612434665126842e-05,22,2025-02-01
2025-03,cochabamba,1.4604059654946369e-05,20,2025-03-01
2025-03,la_paz_el_alto,9.994845497177863e-06,17,2025-03-01
2025-03,oruro,5.772710809949765e-06,21,2025-03-01
2025-03,potosi,7.337538919553521e-06,15,2025-03-01
2025-03,santa_cruz,6.815819068093437e-06,23,2025-03-01
2025-03,sucre,4.334021725618622e-06,21,2025-03-01
2025-04,cochabamba,2.267401167849034e-05,24,2025-04-01
2025-04,la_paz_el_alto,1.2403547203337256e-05,24,2025-04-01
2025-04,montero,7.542238175223178e-06,15,2025-04-01
2025-04,oruro,8.584540784649579e-06,24,2025-04-01
2025-04,potosi,7.524378378444004e-06,21,2025-04-01
2025-04,santa_cruz,8.18831378939015e-06,20,2025-04-01
2025-04,sucre,6.364371705316388e-06,20,2025-04-01
2025-04,tarija,1.0851654773915548e-05,22,2025-04-01
2025-04,trinidad,5.044489412846496e-06,18,2025-04-01
2025-05,cobija,5.836283806055288e-06,15,2025-05-01
2025-05,cochabamba,3.468234071184798e-05,30,2025-05-01
2025-05,la_paz_el_alto,2.1355689420176876e-05,26,2025-05-01
2025-05,montero,9.904270725285989e-06,20,2025-05-01
2025-05,oruro,1.1849346784924008e-05,29,2025-05-01
2025-05,potosi,8.8791789121735e-06,31,2025-05-01
2025-05,santa_cruz,1.0362734941083055e-05,27,2025-05-01
2025-05,sucre,1.0134111471300525e-05,30,2025-05-01
2025-05,tarija,1.2371315233420092e-05,30,2025-05-01
2025-05,trinidad,7.824924460246894e-06,21,2025-05-01
2025-06,cochabamba,3.304383856293294e-05,29,2025-06-01
2025-06,la_paz_el_alto,1.492815488480533e-05,28,2025-06-01
2025-06,montero,1.0169960108064816e-05,18,2025-06-01
2025-06,oruro,7.025035809415267e-06,29,2025-06-01
2025-06,potosi,4.868622910853315e-06,29,2025-06-01
2025-06,santa_cruz,8.920768410046881e-06,18,2025-06-01
2025-06,sucre,7.142203685901153e-06,31,2025-06-01
2025-06,tarija,9.339094804369656e-06,25,2025-06-01
2025-06,trinidad,8.77064936292594e-06,22,2025-06-01
2025-07,cobija,1.1672584824195321e-05,25,2025-07-01
2025-07,cochabamba,4.603046114152947e-05,31,2025-07-01
2025-07,la_paz_el_alto,2.4135040115782822e-05,31,2025-07-01
2025-07,montero,1.8690264975125282e-05,27,2025-07-01
2025-07,oruro,1.3100414993856462e-05,31,2025-07-01
2025-07,potosi,1.058971504304261e-05,30,2025-07-01
2025-07,santa_cruz,1.846014228666737e-05,32,2025-07-01
2025-07,sucre,1.4271995975104948e-05,32,2025-07-01
2025-07,tarija,1.6259216398520544e-05,33,2025-07-01
2025-07,trinidad,1.4658489053950642e-05,28,2025-07-01
2025-07,yacuiba,1.0223569584868339e-05,19,2025-07-01
2025-08,cobija,1.7246776474132005e-05,21,2025-08-01
2025-08,cochabamba,4.335645551193477e-05,29,2025-08-01
2025-08,la_paz_el_alto,2.350679165063991e-05,32,2025-08-01
2025-08,montero,2.711510283366842e-05,23,2025-08-01
2025-08,oruro,1.034232169226215e-05,31,2025-08-01
2025-08,potosi,7.4581981060384525e-06,32,2025-08-01
2025-08,santa_cruz,2.5660439008547978e-05,28,2025-08-01
2025-08,sucre,1.3484161346323405e-05,30,2025-08-01
2025-08,tarija,1.4398528914191741e-05,32,2025-08-01
2025-08,trinidad,2.858567075534749e-05,25,2025-08-01
2025-08,yacuiba,1.1704091507337245e-05,22,2025-08-01
2025-09,cobija,1.8693259684944472e-05,17,2025-09-01
2025-09,cochabamba,3.235424049441873e-05,29,2025-09-01
2025-09,la_paz_el_alto,2.279401117158166e-05,29,2025-09-01
2025-09,montero,3.408213405819709e-05,25,2025-09-01
2025-09,oruro,1.2600725550447669e-05,26,2025-09-01
2025-09,potosi,1.1410098509548813e-05,20,2025-09-01
2025-09,santa_cruz,3.512021257990614e-05,29,2025-09-01
2025-09,sucre,1.3862524237866886e-05,27,2025-09-01
2025-09,tarija,1.6923998142653214e-05,23,2025-09-01
2025-09,trinidad,3.262465031722962e-05,25,2025-09-01
2025-09,yacuiba,1.8895459426530007e-05,22,2025-09-01
2025-10,cochabamba,2.9004322581656657e-05,17,2025-10-01
2025-10,la_paz_el_alto,1.656781062168985e-05,17,2025-10-01
2025-10,oruro,1.0156485272512872e-05,15,2025-10-01
2025-10,santa_cruz,2.1315662533117817e-05,16,2025-10-01
2025-10,tarija,1.2284059021969905e-05,16,2025-10-01
2025-11,cochabamba,1.6874975524599016e-05,20,2025-11-01
2025-11,la_paz_el_alto,1.2061164683985941e-05,17,2025-11-01
2025-11,montero,1.1452102205375727e-05,17,2025-11-01
2025-11,oruro,9.305233344559092e-06,17,2025-11-01
2025-11,potosi,6.1427263203472524e-06,16,2025-11-01
2025-11,santa_cruz,1.272353389364002e-05,24,2025-11-01
2025-11,sucre,6.362989341349235e-06,15,2025-11-01
2025-11,tarija,9.53320559086459e-06,15,2025-11-01
2025-11,trinidad,5.685350072555711e-06,15,2025-11-01
2025-11,yacuiba,1.1879278636094062e-05,19,2025-11-01
2025-12,cochabamba,1.8818271890711387e-05,18,2025-12-01
2025-12,la_paz_el_alto,1.0325868410588504e-05,24,2025-12-01
2025-12,montero,8.50114474927481e-06,16,2025-12-01
2025-12,oruro,1.2337497822229703e-05,15,2025-12-01
2025-12,potosi,8.852769016329787e-06,15,2025-12-01
2025-12,santa_cruz,1.135527002132615e-05,22,2025-12-01
2025-12,sucre,7.80684089675618e-06,20,2025-12-01
2025-12,yacuiba,8.786624826133674e-06,17,2025-12-01
2026-01,cobija,7.574512854159632e-06,15,2026-01-01
2026-01,cochabamba,1.7627698126808667e-05,22,2026-01-01
2026-01,la_paz_el_alto,8.725461158799578e-06,23,2026-01-01
2026-01,montero,1.1462435093416799e-05,25,2026-01-01
2026-01,oruro,8.66538047217991e-06,16,2026-01-01
2026-01,santa_cruz,1.2514122455426423e-05,30,2026-01-01
2026-01,sucre,8.748652183805753e-06,19,2026-01-01
2026-01,tarija,7.981317816826786e-06,15,2026-01-01
2026-01,yacuiba,9.329153599812458e-06,21,2026-01-01
2026-02,cochabamba,1.8347521286117637e-05,19,2026-02-01
2026-02,la_paz_el_alto,1.041774679311058e-05,22,2026-02-01
2026-02,oruro,7.108218668976082e-06,21,2026-02-01
2026-02,potosi,8.663837164704736e-06,18,2026-02-01
2026-02,santa_cruz,1.3588202130467492e-05,21,2026-02-01
2026-02,sucre,1.0188139380977791e-05,22,2026-02-01
2026-02,tarija,9.38641524795127e-06,20,2026-02-01
2026-02,yacuiba,1.0040358242635843e-05,19,2026-02-01
2026-03,cochabamba,2.6688277318217787e-05,20,2026-03-01
2026-03,la_paz_el_alto,8.38260616556069e-06,23,2026-03-01
2026-03,oruro,8.62875586278154e-06,18,2026-03-01
2026-03,potosi,7.28261269474067e-06,15,2026-03-01
2026-03,santa_cruz,1.190112667149181e-05,22,2026-03-01
2026-03,sucre,6.834404418019916e-06,24,2026-03-01
2026-03,tarija,7.705549615113292e-06,24,2026-03-01
2026-03,yacuiba,9.667304044794417e-06,15,2026-03-01
2026-04,cochabamba,2.1063112968030663e-05,26,2026-04-01
2026-04,la_paz_el_alto,1.0726160877439336e-05,20,2026-04-01
2026-04,montero,7.77193762962322e-06,16,2026-04-01
2026-04,oruro,7.248426967394365e-06,19,2026-04-01
2026-04,potosi,5.284205270445976e-06,17,2026-04-01
2026-04,santa_cruz,9.228649052688887e-06,18,2026-04-01
2026-04,sucre,5.452769829432173e-06,22,2026-04-01
2026-04,tarija,9.750178428036702e-06,21,2026-04-01
2026-05,sucre,1.1473506922111086e-05,16,2026-05-01
2026-05,tarija,1.2007380767415477e-05,15,2026-05-01
