week_ending,no2_national,yoy_anomaly_pct,status,trailing_12m_log,trailing_12m_yoy
2018-07-08,2.5707010724507203e-05,,,,
2018-07-15,1.713830830489754e-05,,,,
2018-07-22,1.3750980280362213e-05,,,,
2018-07-29,1.6849200609840406e-05,,,,
2018-08-05,1.9489284625922528e-05,,,,
2018-08-12,2.4174911573947704e-05,,,,
2018-08-19,2.4811016865931354e-05,,,,
2018-08-26,2.8479622127023234e-05,,,,
2018-09-02,2.8732714074951288e-05,,,,
2018-09-09,3.3587405431678134e-05,,,,
2018-09-16,3.4157017223431054e-05,,,,
2018-09-23,2.456050162187236e-05,,,,
2018-09-30,2.428795350210989e-05,,,,
2018-10-07,1.6954654044986218e-05,,,,
2018-10-14,1.6105362720759464e-05,,,,
2018-10-21,1.5849298055325467e-05,,,,
2018-10-28,1.8356923691852584e-05,,,,
2018-11-04,1.370052399815395e-05,,,,
2018-11-11,1.3909686721368737e-05,,,,
2018-11-18,1.0931445738461477e-05,,,,
2018-11-25,1.4773631696689112e-05,,,,
2018-12-02,1.4636085790788178e-05,,,,
2018-12-09,1.4085365386165558e-05,,,,
2018-12-16,1.0050523524380953e-05,,,,
2018-12-23,3.821059274455794e-06,,,,
2018-12-30,8.679253011250922e-06,,,-10.977107721731395,
2019-01-06,9.248577118356229e-06,,,-10.999845985493742,
2019-01-13,8.653904163006393e-06,,,-11.023333628530505,
2019-01-20,1.341510863915671e-05,,,-11.030085192228935,
2019-01-27,1.3759579792110223e-05,,,-11.035541527964286,
2019-02-03,1.813052039170909e-05,,,-11.031747086102886,
2019-02-10,9.375439708434913e-06,,,-11.048799273567628,
2019-02-17,1.207194694940074e-05,,,-11.057157666217838,
2019-02-24,1.196319777788399e-05,,,-11.06529054287163,
2019-03-03,9.284941770021459e-06,,,-11.080199859777652,
2019-03-10,1.1257508215299587e-05,,,-11.088929731867402,
2019-03-17,9.540161126503133e-06,,,-11.101661365683855,
2019-03-24,9.885033309412428e-06,,,-11.112788401630453,
2019-03-31,9.18296839734553e-06,,,-11.125233828531446,
2019-04-07,1.0787856853754494e-05,,,-11.133030218363164,
2019-04-14,1.2676342856540532e-05,,,-11.136511751300882,
2019-04-21,9.924728939013351e-06,,,-11.145653877286449,
2019-04-28,1.3033100054484214e-05,,,-11.148034444755,
2019-05-05,1.2545321014251843e-05,,,-11.151173725316331,
2019-05-12,1.1726339698182726e-05,,,-11.155673708980105,
2019-05-19,1.789545541932223e-05,,,-11.150788710187953,
2019-05-26,1.3512951111410372e-05,,,-11.152088141690507,
2019-06-02,1.7874128048266165e-05,,,-11.147506227303007,
2019-06-09,2.2554903307202602e-05,,,-11.138364428257875,
2019-06-16,1.9547079395881333e-05,,,-11.132450833176877,
2019-06-23,1.859472197912774e-05,,,-11.127748518449426,
2019-06-30,1.7084360344565636e-05,,,-11.124856183723287,
2019-07-07,2.1102894930554598e-05,-19.735351396626477,red,-11.128651443607254,
2019-07-14,2.4509640355909766e-05,35.775031443635896,green,-11.121771629868094,
2019-07-21,1.6432882832340558e-05,17.817426346265464,green,-11.118345201724582,
2019-07-28,1.9947288575417757e-05,16.87900089720209,green,-11.115099240013581,
2019-08-04,2.4517413559125336e-05,22.951881442470068,green,-11.110685416659258,
2019-08-11,2.5632372046367894e-05,5.854070211330686,green,-11.109559633926311,
2019-08-18,3.2747359736318916e-05,27.75345570973844,green,-11.104222430905207,
2019-08-25,2.881333179170972e-05,1.1649371022816268,yellow,-11.103998404539384,
2019-09-01,2.6179983429150625e-05,-9.304120933023086,red,-11.105787658564966,
2019-09-08,2.3608672271877335e-05,-35.253704467813485,red,-11.112567217116467,
2019-09-15,2.6589924775885337e-05,-25.043567107955234,red,-11.117383287714151,
2019-09-22,2.7442649873636143e-05,11.095884052034855,green,-11.115249463857992,
2019-09-29,3.0062479706365777e-05,21.329738604506332,green,-11.111147591049432,
2019-10-06,1.8514770967987096e-05,8.802647314695022,green,-11.109454774258145,
2019-10-13,1.7050519859546566e-05,5.702838878591976,green,-11.1083580744738,
2019-10-20,1.4929596257800445e-05,-5.977964377114375,red,-11.10950768300786,
2019-10-27,1.7214587771104318e-05,-6.424966565287882,red,-11.110743253501186,
2019-11-03,1.1024669597634635e-05,-21.72986277277431,red,-11.11492207326518,
2019-11-10,7.24836393783972e-06,-65.18097041990157,red,-11.127456875269008,
2019-11-17,1.1041193092174474e-05,0.9989539008603998,yellow,-11.127264768749614,
2019-11-24,1.1772250540863262e-05,-22.709883671970132,red,-11.131632054071144,
2019-12-01,8.624500661833732e-06,-52.88830418064947,red,-11.141802881798192,
2019-12-08,9.819894492618757e-06,-36.072596432551585,red,-11.148739919573682,
2019-12-15,9.395640138069668e-06,-6.73789585450546,red,-11.150035668776471,
2019-12-22,1.0660983024702598e-05,102.60629495302993,green,-11.130303688977811,
2019-12-29,7.945005546888396e-06,-8.839196820801831,red,-11.132003534520274,-15.489581278887954
2020-01-05,1.0633802676143481e-05,13.956814432139275,green,-11.129319531744862,-12.947354625111984
2020-01-12,1.0731632327501037e-05,21.51851050776994,green,-11.125181356647214,-10.184772811670939
2020-01-19,1.1134884817281962e-05,-18.629862572800526,red,-11.1287640225266,-9.867883029766489
2020-01-26,1.3883465028637318e-05,0.8963272081169649,yellow,-11.128591651909655,-9.305012394536938
2020-02-02,9.67196527602295e-06,-62.836520455210554,red,-11.140675598151041,-10.892851204815557
2020-02-09,1.1764951839597452e-05,22.70314556494135,green,-11.136309608619323,-8.751033505169481
2020-02-16,8.889191860606252e-06,-30.604818586470905,red,-11.14219515065518,-8.50374844373416
2020-02-23,1.0335830956217123e-05,-14.621849346619342,red,-11.1450070447603,-7.971650188867052
2020-03-01,1.0600428997025815e-05,13.250054833478409,green,-11.142458957292321,-6.225909751466929
2020-03-08,1.3874711830193935e-05,20.903258746612075,green,-11.138439099841053,-4.950936797365024
2020-03-15,9.415457969633113e-06,-1.3157571409381674,yellow,-11.138692130060463,-3.7030764376607905
2020-03-22,8.900689498956564e-06,-10.489308077942994,red,-11.140709304690837,-2.792090306038375
2020-03-29,8.311842474383796e-06,-9.96692051678334,red,-11.142626020174834,-1.7392191643388344
2020-04-05,7.267445247738257e-06,-39.50163165925282,red,-11.150222487801614,-1.719226943844987
2020-04-12,7.186697992912939e-06,-56.750567285179976,red,-11.161136058433378,-2.4624307132496526
2020-04-19,7.607706940805447e-06,-26.58677106415812,red,-11.16624889902264,-2.0595021736191654
2020-04-26,6.862473460339141e-06,-64.14243400477773,red,-11.178583982485097,-3.05495377300975
2020-05-03,7.0385163224581035e-06,-57.79503702023838,red,-11.189698412681297,-3.8524687364965615
2020-05-10,5.878368795342404e-06,-69.05582601125388,red,-11.202978379221921,-4.730467024181628
2020-05-17,8.02878544994155e-06,-80.15135284681404,red,-11.218392100923232,-6.760339073527888
2020-05-24,7.593725154030196e-06,-57.632629851808126,red,-11.229475298971657,-7.738715728114975
2020-05-31,1.1204429679206201e-05,-46.704509969296026,red,-11.238456935504214,-9.095070820120732
2020-06-07,7.92788965391148e-06,-104.5565605469779,red,-11.258563966378633,-12.019953812075812
2020-06-14,1.3306168770714925e-05,-38.45981387116524,red,-11.26596008443078,-13.350925125390312
2020-06-21,1.5447580187544956e-05,-18.54254069755026,red,-11.269525957641848,-14.177743919242225
2020-06-28,1.0840006104448096e-05,-45.49198861217718,red,-11.278274416990344,-15.34182332670575
2020-07-05,1.3567734818174018e-05,-44.171569736365335,red,-11.286768949631952,-15.811750602469843
2020-07-12,1.3395541642926616e-05,-60.41445856897578,red,-11.29838711474137,-17.661548487327572
2020-07-19,1.854560945322631e-05,12.09486957297532,green,-11.296061178285031,-17.771597656044946
2020-07-26,1.8270911728689697e-05,-8.778295089955712,red,-11.297749311956174,-18.265007194259297
2020-08-02,2.4573711955507647e-05,0.22936292648836343,yellow,-11.29770520370108,-18.70197870418213
2020-08-09,2.768875190506651e-05,7.71701766178321,green,-11.296221161843047,-18.666152791673518
2020-08-16,1.4775637435164963e-05,-79.58426349115406,red,-11.311525827899036,-20.730339699382938
2020-08-23,2.065521919545172e-05,-33.28701564520227,red,-11.317927177061575,-21.392877252219122
2020-08-30,2.234518791401812e-05,-15.83841355057558,red,-11.320973025821301,-21.518536725633552
2020-09-06,2.8857298797289084e-05,20.07488385190861,green,-11.317112471234395,-20.4545254117928
2020-09-13,2.9142568464004754e-05,9.166756287980249,green,-11.315349633486706,-19.796634577255467
2020-09-20,2.0842551836555795e-05,-27.51017095741446,red,-11.320640050978518,-20.539058712052594
2020-09-27,2.4960763075454165e-05,-18.59727578504522,red,-11.324216450167949,-21.30688591185166
2020-10-04,2.0470540231878504e-05,10.041794651101377,green,-11.322285335811967,-21.28305615538224
2020-10-11,1.1411900439420481e-05,-40.15239844482945,red,-11.330006950897513,-22.164887642371234
2020-10-18,1.0619080793524775e-05,-34.06931110554865,red,-11.336558741494732,-22.705105848687168
2020-10-25,1.3102797677167416e-05,-27.293138004228723,red,-11.341807421880162,-23.106416837897648
2020-11-01,1.5348734752446036e-05,33.08975916698724,green,-11.335444006655742,-22.052193339056103
2020-11-08,1.3739920365372227e-05,63.95297112985254,green,-11.32314535836154,-19.568848309253184
2020-11-15,1.3404805755469791e-05,19.39801761762041,green,-11.31941497035815,-19.21502016085359
2020-11-22,1.477733659405742e-05,22.73495829796044,green,-11.31504286299316,-18.34108089220159
2020-11-29,1.3874879803926156e-05,47.547292985353984,green,-11.305899152803667,-16.409627100547475
2020-12-06,8.424524604815205e-06,-15.326333025793382,red,-11.308846524539396,-16.010660496571383
2020-12-13,1.1758878865441513e-05,22.4362836773059,green,-11.304531854601453,-15.449618582498204
2020-12-20,1.1467017244766921e-05,7.288421822837243,green,-11.30313023502014,-17.28265460423284
2020-12-27,1.1465776979103036e-05,36.68231855200066,green,-11.296075942990909,-16.40724084706342
2021-01-03,7.049605118198586e-06,-41.10662553184401,red,-11.303981063285493,-17.466153154063058
2021-01-10,9.181001873681503e-06,-15.605933727485954,red,-11.306982204386932,-18.18008477397175
2021-01-17,1.1012563734435249e-05,-1.1046177742787933,yellow,-11.307194630881988,-17.843060835538793
2021-01-24,6.431107633310525e-06,-76.95517821066247,red,-11.321993703614805,-19.340205170514935
2021-01-31,1.3270398940490357e-05,31.63043880785885,green,-11.315910926920989,-17.523532876994707
2021-02-07,1.0888533568633068e-05,-7.741465928920022,red,-11.317399670368854,-18.1090061749531
2021-02-14,9.271507422108868e-06,4.210983823942982,yellow,-11.316589865787329,-17.439471513214855
2021-02-21,9.066712569794204e-06,-13.100684458537337,red,-11.3191092281832,-17.41021834228995
2021-02-28,1.1803966777324498e-05,10.75411708332279,green,-11.317041128744101,-17.45821714517799
2021-03-07,9.686951304216062e-06,-35.92881369111982,red,-11.323950515992392,-18.551141615133915
2021-03-14,1.0615976915378915e-05,12.000731903663642,green,-11.321642682933996,-18.295055287353357
2021-03-21,8.93021685219187e-06,0.33119326235038216,yellow,-11.321578991922005,-18.086968723116748
2021-03-28,6.373620722604744e-06,-26.55135916299134,red,-11.326685022530272,-18.405900235543804
2021-04-04,1.0870031397439933e-05,40.26047700063131,green,-11.318942623107073,-16.87201353054597
2021-04-11,8.029609355243504e-06,11.090406230852778,green,-11.316809852678062,-15.567379424468442
2021-04-18,1.1682205878022657e-05,42.89050143600548,green,-11.308561679324985,-14.231278030234407
2021-04-25,1.0625744838835767e-05,43.72118753497496,green,-11.300153758645182,-12.156977616008469
2021-05-02,1.565717947555008e-05,79.95321659144672,green,-11.284778140069905,-9.507972738860815
2021-05-09,1.654235723025762e-05,103.46448887196331,green,-11.264881122979144,-6.190274375722282
2021-05-16,1.625191475604106e-05,70.51774680201336,green,-11.251320017824911,-3.2927916901678955
2021-05-23,1.57266657736141e-05,72.80354598873302,green,-11.237319335904001,-0.7844036932343812
2021-05-30,1.0904849921446201e-05,-2.7101569983484453,yellow,-11.237840519942143,0.06164155620709266
2021-06-06,1.3282585851575535e-05,51.60669644293616,green,-11.227916155241578,3.0647811137054504
2021-06-13,1.6359536617032656e-05,20.65832615865304,green,-11.223943400211068,4.2016684219712275
2021-06-20,1.4805515512001422e-05,-4.245258783606687,yellow,-11.224759796130993,4.476616151085544
2021-06-27,1.552269447838409e-05,35.905955383166344,green,-11.217854804711152,6.041961227919224
2021-07-04,2.0263320347819204e-05,40.11178380468525,green,-11.21014100013333,7.662794949862217
2021-07-11,2.9462077434492998e-05,78.8181987291834,green,-11.194983654223872,10.340346051749805
2021-07-18,1.924024005037438e-05,3.6770847909407323,yellow,-11.194276522533304,10.178465575172702
2021-07-25,1.8445806478084716e-05,0.9526781298315967,yellow,-11.194093315200645,10.36559967555295
2021-08-01,1.9745929900081475e-05,-21.87298627613945,red,-11.198299658715287,9.940554498579246
2021-08-08,2.620574783519547e-05,-5.504749258719599,red,-11.199358264341964,9.686289750108301
2021-08-15,2.3195043943530134e-05,45.095892754639344,green,-11.190685977273764,12.08398506252717
2021-08-22,3.1953493989541625e-05,43.63134998747871,green,-11.182295333045403,13.563184401617256
2021-08-29,2.0031873550451415e-05,-10.928630949731755,red,-11.184396992843428,13.657603297787269
2021-09-05,2.8467467908696056e-05,-1.3600993791934357,yellow,-11.184658550416351,13.245392081804397
2021-09-12,2.2298838971739404e-05,-26.766532602981385,red,-11.18980596053231,12.554367295439661
2021-09-19,2.630516127024521e-05,23.276850758700718,green,-11.185329643078713,13.531040789980509
2021-09-26,2.259273680705979e-05,-9.967664056121883,red,-11.187246501551044,13.69699486169047
2021-10-03,2.065280224940628e-05,0.8864221629695024,yellow,-11.187076035750472,13.520930006149534
2021-10-10,1.5789517603615856e-05,32.468956793583104,green,-11.18083200559786,14.917494529965225
2021-10-17,1.551210694981029e-05,37.89683547808309,green,-11.173544152621306,16.30145888734269
2021-10-24,1.896373510547104e-05,36.970270611048406,green,-11.166434485196104,17.537293668405773
2021-10-31,1.956129835124646e-05,24.251999619413844,green,-11.161770639115447,17.367336754029417
2021-11-07,1.2266527320536213e-05,-11.343129424961162,red,-11.16395201015871,15.919334820283026
2021-11-14,1.3865826259307353e-05,3.381398933316504,yellow,-11.16330174113307,15.61132292250793
2021-11-21,1.660754511815717e-05,11.676242138499404,green,-11.161056309952592,15.398655304056774
2021-11-28,9.649469704386825e-06,-36.317703588723305,red,-11.168040483719654,13.785866908401267
2021-12-05,8.894534251407784e-06,5.428991111008585,green,-11.166996446967536,14.185007757185986
2021-12-12,1.4791111473204761e-05,22.941782086261675,green,-11.1625845657971,14.194728880435292
2021-12-19,1.255435328762762e-05,9.059263202315826,green,-11.160842399796653,14.228783522348643
2021-12-26,1.258775137214675e-05,9.33575441578025,green,-11.159047062409003,13.70288805819051
2022-01-02,8.88563305509177e-06,23.14641052856743,green,-11.15459582961505,14.938523367044354
2022-01-09,1.210887987758621e-05,27.680272238534265,green,-11.14927270033841,15.770950404852258
2022-01-16,1.2488859276847206e-05,12.580021034115063,green,-11.146853465524156,16.034116535783127
2022-01-23,1.0213302261686365e-05,46.25442302872127,green,-11.13795838417248,18.403531944232476
2022-01-30,1.3122702745037405e-05,-1.1192147021050758,yellow,-11.138173617769038,17.773730915195074
2022-02-06,1.2959920346850985e-05,17.41512754790584,green,-11.134824554779057,18.257511558979722
2022-02-13,1.158762618924873e-05,22.299184163679087,green,-11.130536250132195,18.605361565513334
2022-02-20,1.0489368984664736e-05,14.575251914479814,green,-11.127733317071717,19.13759111114821
2022-02-27,9.751343112350913e-06,-19.103061191452753,red,-11.131406982685458,18.56341460586428
2022-03-06,1.0237918648443328e-05,5.531858845331428,green,-11.130343163676741,19.36073523156505
2022-03-13,1.2094803789443634e-05,13.041579896307098,green,-11.127835167542836,19.380751539116048
2022-03-20,8.720230547350243e-06,-2.3795001665988025,yellow,-11.128292763728721,19.328622819328345
2022-03-27,9.21031025111703e-06,36.815582563435534,green,-11.121212844004983,20.54721785252891
2022-04-03,9.503936495841479e-06,-13.430350881477793,red,-11.123795603789883,19.514701931719003
2022-04-10,1.0841796483795945e-05,30.027283095633628,green,-11.118021126271493,19.87887264065691
2022-04-17,9.452197328388545e-06,-21.181958298882364,red,-11.12209457979051,18.646709953447527
2022-04-24,1.5244524357104003e-05,36.09405651938307,green,-11.115153415075241,18.5000343569941
2022-05-01,1.4434912987760115e-05,-8.12797789916182,red,-11.116716487748155,16.80616523217502
2022-05-08,1.5563566998645043e-05,-6.099146234862474,red,-11.117889400485629,14.699172249351555
2022-05-15,1.472167267659682e-05,-9.888999320921243,red,-11.119791131124268,13.1528886700643
2022-05-22,1.7588520268910817e-05,11.188870325788258,green,-11.117639425292385,11.967991061161598
2022-05-29,1.5755397189904306e-05,36.79753480975414,green,-11.110562976290511,12.727754365163158
2022-06-05,1.0033541621904534e-05,-28.05202003028686,red,-11.115957595527105,11.195855971447344
2022-06-12,1.897629648136792e-05,14.837964008017757,green,-11.113104140910178,11.083925930089045
2022-06-19,1.7690174495025154e-05,17.800959109617054,green,-11.109680879542944,11.507891658804859
2022-06-26,1.4722988424622451e-05,-5.289300231153504,red,-11.11069805266432,10.715675204683173
2022-07-03,2.4586395979505226e-05,19.338090875495162,green,-11.106979189034416,10.316181109891431
2022-07-10,2.1818941782476237e-05,-30.032544403910855,red,-11.11275467834286,8.222897588101219
2022-07-17,1.4448048835869405e-05,-28.64445450087203,red,-11.118263227285336,7.601329524796796
2022-07-24,2.7368307818626108e-05,39.454864151285385,green,-11.110675753410089,8.341756179055615
2022-07-31,2.9113839962521057e-05,38.82662721012178,green,-11.10320909433122,9.509056438406738
2022-08-07,2.19378532490669e-05,-17.776516611083437,red,-11.106627655217968,9.273060912399522
2022-08-14,2.6915105414257515e-05,14.874903583903354,green,-11.103767096836446,8.691888043731844
2022-08-21,2.2930379820996407e-05,-33.181887178722036,red,-11.110148228986201,7.214710405920144
2022-08-28,3.4575277581839255e-05,54.581422339582986,green,-11.099651801613204,8.47451912302244
2022-09-04,2.8930756043411445e-05,1.6143293784189439,yellow,-11.099341353655815,8.531719676053662
2022-09-11,3.1224463580517484e-05,33.66672636341708,green,-11.092866983201311,9.69389773309981
2022-09-18,2.9153378606647722e-05,10.280564430637895,green,-11.090889951580035,9.443969149867826
2022-09-25,2.793687949884704e-05,21.231918738908107,green,-11.086806890284093,10.043961126695145
2022-10-02,2.4207747261770244e-05,15.882170436356624,green,-11.08375262673864,10.332340901183201
2022-10-09,2.2093418068793438e-05,33.593346217534936,green,-11.077292367850653,10.353963774720754
2022-10-16,1.540403914399914e-05,-0.6991055459030449,yellow,-11.077426811224864,9.611734139644135
2022-10-23,1.796671740780695e-05,-5.400746323372196,red,-11.07846541628705,8.796906890905376
2022-10-30,1.9593551741207925e-05,0.16474790316109988,yellow,-11.078433733997981,8.333690511746639
2022-11-06,1.5187377496335872e-05,21.3590458279997,green,-11.074326225184905,8.962578497380491
2022-11-13,1.546793432390504e-05,10.934185734030066,green,-11.072223497159131,9.107824397393927
2022-11-20,1.4881827923488522e-05,-10.971625110673955,red,-11.074333425065028,8.672288488756408
2022-11-27,1.5497514091753025e-05,47.37766689578944,green,-11.065222335277376,10.28181484422781
2022-12-04,1.6954190737397807e-05,64.50780853835187,green,-11.05281698748154,11.417945948599595
2022-12-11,1.2482789540467853e-05,-16.96755653821338,red,-11.056079979123504,10.650458667359608
2022-12-18,1.2439922931091546e-05,-0.9156588896603424,yellow,-11.056256067371518,10.45863324251357
2022-12-25,1.1449228885670298e-05,-9.480184632442779,red,-11.058079179800831,10.096788260817213
2023-01-01,1.2040700478792351e-05,30.385690855190894,green,-11.052235777713294,10.23600519017549
2023-01-08,1.2422733984592254e-05,2.5589122235336603,yellow,-11.051743679208768,9.752902112964179
2023-01-15,1.3303293063724968e-05,6.317461430689519,green,-11.05052878277979,9.63246827443669
2023-01-22,1.0195159006337707e-05,-0.17780135297922328,yellow,-11.050562975347672,8.739540882480767
2023-01-29,1.0263703346811052e-05,-24.57300396113684,red,-11.055288553032504,8.288506473653356
2023-02-05,6.993732194327777e-06,-61.684719769469254,red,-11.067150999142017,6.767355563703958
2023-02-12,1.1960246078210001e-05,3.1650502460761842,yellow,-11.066542335633157,6.399391449903824
2023-02-19,9.784925402951839e-06,-6.951928940427798,red,-11.067879245044777,5.985407202694049
2023-02-26,8.856345264332476e-06,-9.627084950151676,red,-11.06973060753519,6.167637515026847
2023-03-05,9.957978449020529e-06,-2.7724257933790852,yellow,-11.070263766341611,6.0079397335130125
2023-03-12,9.84700483951345e-06,-20.560858974205942,red,-11.074217777682804,5.3617389860031395
2023-03-19,1.037242208330101e-05,17.350488485561222,green,-11.070881145281735,5.741161844698617
2023-03-26,7.283260205626787e-06,-23.474494362606002,red,-11.075395471120698,4.581737288428478
2023-04-02,1.0392625187968674e-05,8.9390357300692,green,-11.073676425787992,5.011917800189103
2023-04-09,1.2388109856116465e-05,13.332842045005222,green,-11.071112417702413,4.6908708569080915
2023-04-16,1.5052522799064017e-05,46.52983689923822,green,-11.062164372144867,5.99302076456425
2023-04-23,1.6945444328421232e-05,10.577864649051527,green,-11.060130167404667,5.502324767057409
2023-04-30,1.4085837279853753e-05,-2.4479940880519635,yellow,-11.060600935498522,5.611555224963283
2023-05-07,1.9690733727767623e-05,23.521542190024114,green,-11.056077562000441,6.1811838485187565
2023-05-14,1.6138205095257872e-05,9.186870841945272,green,-11.054310856069296,6.548027505497167
2023-05-21,1.8207263896650765e-05,3.457419787463145,yellow,-11.053645967648633,6.399345764375219
2023-05-28,1.6625089010556352e-05,5.372995525123159,green,-11.052612699278415,5.795027701209676
2023-06-04,3.0656851830406037e-05,111.69225456163154,green,-11.031133419555024,8.48241759720807
2023-06-11,2.3598881676219304e-05,21.80086775965222,green,-11.02694094498586,8.616319592431765
2023-06-18,1.8430082552122508e-05,4.097487872506278,yellow,-11.026152966548839,8.352791299410534
2023-06-25,1.801904047970392e-05,20.201889257084993,green,-11.022267987845556,8.843006481876436
2023-07-02,2.5980744480404565e-05,5.516238572733734,green,-11.021207172735414,8.577201629900166
2023-07-09,3.026864126610875e-05,32.73337532469309,green,-11.01491229286528,9.78423854775805
2023-07-16,2.394967381925491e-05,50.53953277446972,green,-11.005193151947113,11.307007533822322
2023-07-23,2.6955065617691272e-05,-1.5214451761352166,yellow,-11.005485737557906,10.519001585218213
2023-07-30,2.1005581352583948e-05,-32.64254800972104,red,-11.011763150636702,9.14459436945183
2023-08-06,2.7823660757892494e-05,23.76731614919194,green,-11.007192512915701,9.943514230226747
2023-08-13,2.7040986711873603e-05,0.4666072765790119,yellow,-11.007102780747129,9.666431608931703
2023-08-20,2.8481015960664723e-05,21.677509758137603,green,-11.002934028870564,10.721420011563687
2023-08-27,2.9337534136858415e-05,-16.427118114824957,red,-11.006093090046493,9.355871156671114
2023-09-03,3.2220683330968544e-05,10.770333361973883,green,-11.004021872092267,9.531948156354808
2023-09-10,2.726723032773224e-05,-13.551624980415866,red,-11.006627953819269,8.623902938204253
2023-09-17,3.214525664777969e-05,9.769409137380158,green,-11.004749221292851,8.614073028718394
2023-09-24,3.251773999712403e-05,15.183812468623437,green,-11.001829257356576,8.497763292751692
2023-10-01,3.266961757823011e-05,29.977280323571343,green,-10.99606439575589,8.768823098274936
2023-10-08,2.4389345361006713e-05,9.886663217690916,green,-10.994163114367872,8.3129253482781
2023-10-15,1.956487586217045e-05,23.910615364182952,green,-10.98956491910553,8.786189211933504
2023-10-22,2.7163907191367242e-05,41.33681372165885,green,-10.981615531851363,9.684988443568798
2023-10-29,2.167010998904522e-05,10.073337186103615,green,-10.979678351623267,9.875538237471382
2023-11-05,1.5205085909138342e-05,0.11653161884357388,yellow,-10.979655941696565,9.467028348833928
2023-11-12,1.6044351754744223e-05,3.6587744244117815,yellow,-10.978952331230333,9.327116592879747
2023-11-19,1.300549185596995e-05,-13.47691474669741,red,-10.9815440456047,9.278937946032784
2023-11-26,1.553376599548419e-05,0.2336475976576935,yellow,-10.98149911337438,8.372322190299641
2023-12-03,9.471127940516339e-06,-58.226703759935994,red,-10.992696556405134,6.012043107640608
2023-12-10,9.81960618978594e-06,-23.99698401459247,red,-10.997311361023325,5.876861810017964
2023-12-17,1.0194732663732383e-05,-19.90397106514248,red,-11.001139047766625,5.51170196048929
2023-12-24,1.1164882952350985e-05,-2.5148979709261,yellow,-11.001622681991803,5.6456497809028505
2023-12-31,1.170823289334362e-05,-2.8000357045469215,yellow,-11.002161150396525,5.007462731676959
2024-01-07,9.510790017129578e-06,-26.71012345043664,red,-11.007297712598529,4.4445966610238585
2024-01-14,1.0435129926052074e-05,-24.283361191758956,red,-11.01196758975079,3.856119302899863
2024-01-21,1.2078800694405125e-05,16.953890690680495,green,-11.008707226156428,4.185574919124413
2024-01-28,1.1666663634954171e-05,12.812178836276544,green,-11.006243345610992,4.904520742151242
2024-02-04,1.0141299591652581e-05,37.16018076736454,green,-10.999097157001883,6.8053842140134435
2024-02-11,1.0642673457586768e-05,-11.671660624942248,red,-11.001341707122064,6.520062851109287
2024-02-18,1.0072991154995417e-05,2.9014721663264353,yellow,-11.000783731705464,6.709551333931252
2024-02-25,8.398678888384524e-06,-5.305976284587999,red,-11.001804111760192,6.7926495774997875
2024-03-03,8.996761601535653e-06,-10.150939349697552,red,-11.003756215481287,6.650755086032412
2024-03-10,9.01553412978186e-06,-8.821822783106725,red,-11.005452719862653,6.87650578201513
2024-03-17,1.0954490903786646e-05,5.459893903931068,green,-11.004402740265743,6.647840501599234
2024-03-24,7.07197458380159e-06,-2.943886099628301,yellow,-11.004968872207979,7.042659891271974
2024-03-31,9.335460820671913e-06,-10.727629746024192,red,-11.00703187792837,6.6644547859622705
2024-04-07,9.248722126998588e-06,-29.22517364693764,red,-11.012652103629703,5.846031407270935
2024-04-14,1.3870163555789881e-05,-8.180557868041305,red,-11.014225287835096,4.793908430977112
2024-04-21,1.2215472636681068e-05,-32.729562941724666,red,-11.020519434554659,3.9610732850007935
2024-04-28,1.3690192142788086e-05,-2.849016988300157,yellow,-11.021067322437025,3.9533613061497164
2024-05-05,1.38176666526867e-05,-35.42001902973588,red,-11.027878864558126,2.819869744231518
2024-05-12,1.8464600255937398e-05,13.466595114050506,green,-11.025289134728503,2.9021721340793505
2024-05-19,1.3420577509159753e-05,-30.50314655710018,red,-11.031155124451022,2.2490843197610744
2024-05-26,1.4604106107536946e-05,-12.961021113008897,red,-11.033647628511215,1.8965070767199776
2024-06-02,2.3938234660162995e-05,-24.737923091191405,red,-11.038404921413369,-0.7271501858344465
2024-06-09,1.9764745872833798e-05,-17.7299485075066,red,-11.04181452689558,-1.4873581909720102
2024-06-16,2.327217324722938e-05,23.327411471770354,green,-11.037328486227933,-1.1175519679094137
2024-06-23,1.4484367418081701e-05,-21.83590444922263,red,-11.041527698622012,-1.9259710776456274
2024-06-30,2.320432094720493e-05,-11.301715768193965,red,-11.043701105500512,-2.2493932765097924
2024-07-07,2.749919270348538e-05,-9.595558687604111,red,-11.04554640524813,-3.063411238285063
2024-07-14,1.8016033016054844e-05,-28.469261997449458,red,-11.05102126332456,-4.582811137744791
2024-07-21,3.0248567051819097e-05,11.527756992428273,green,-11.048804386979864,-4.331864942195729
2024-07-28,2.5091923217012408e-05,17.775782906632998,green,-11.045385967190127,-3.362281655342514
2024-08-04,2.1703840392100408e-05,-24.839754362753652,red,-11.050162843029115,-4.2970330113414335
2024-08-11,2.713182674139648e-05,0.3353715964712123,yellow,-11.050098348491334,-4.299556774420488
2024-08-18,3.0456882719954922e-05,6.707424342657475,green,-11.048808459194667,-4.587443032410299
2024-08-25,2.824003948295126e-05,-3.812691402215229,yellow,-11.04954166907971,-4.344857903321753
2024-09-01,2.9966373177611385e-05,-7.253272689879964,red,-11.050936529212379,-4.691465712011222
2024-09-08,3.263974106222321e-05,17.9844970028622,green,-11.047477972096447,-4.085001827717782
2024-09-15,3.212731785051163e-05,-0.05582100257814915,yellow,-11.047488706904634,-4.273948561178287
2024-09-22,2.9642449976095866e-05,-9.257833170633134,red,-11.049269059437448,-4.743980208087173
2024-09-29,2.5007935804469166e-05,-26.725231327401033,red,-11.054408527000408,-5.834413124451743
2024-10-06,2.938770376470922e-05,18.642997616209556,green,-11.050823335151138,-5.666022078326627
2024-10-13,2.0488051590837987e-05,4.61059562449595,yellow,-11.049936682146427,-6.037176304089797
2024-10-20,2.4455413856204442e-05,-10.503753362016433,red,-11.051956634716047,-7.034110286468476
2024-10-27,2.0316093090646418e-05,-6.452055610889573,red,-11.053197414641216,-7.351906301794919
2024-11-03,2.2062123137778565e-05,37.22322818020576,green,-11.046039101529638,-6.638315983307308
2024-11-10,1.414259103675233e-05,-12.616598672784818,red,-11.048465370505173,-6.951303927483998
2024-11-17,9.734279975013549e-06,-28.97180451299164,red,-11.054036871373055,-7.249282576835547
2024-11-24,1.4048911994765204e-05,-10.047115117584937,red,-11.05596900889567,-7.446989552128969
2024-12-01,1.3521553025551055e-05,35.60369259592271,green,-11.049122144934914,-5.642558852978041
2024-12-08,1.1136548041627741e-05,12.585129720024568,green,-11.046701927681065,-4.939056665774011
2024-12-15,8.591137569066024e-06,-17.114002470184708,red,-11.049993082002253,-4.885403423562806
2024-12-22,9.617020926500763e-06,-14.92388600749699,red,-11.052863060080618,-5.124037808881532
2024-12-29,1.3821842195455521e-05,16.59578482484374,green,-11.049671562998917,-4.751041260239219
2025-01-05,1.1660702618617681e-05,20.379749263308256,green,-11.045752380448281,-3.8454667849752155
2025-01-12,1.2538565695476754e-05,18.363115887302328,green,-11.042221012008415,-3.0253422257624507
2025-01-19,1.3529783184288212e-05,11.344150992831636,green,-11.040039444509794,-3.1332218353366414
2025-01-26,1.1178928507437551e-05,-4.2704889948069535,yellow,-11.04086069239341,-3.461734678241868
2025-02-02,1.1510536989537807e-05,12.664672101121077,green,-11.038425178527811,-3.9328021525928847
2025-02-09,1.2063401536805541e-05,12.530448551226137,green,-11.036015476883344,-3.4673769761280226
2025-02-16,1.2022878355444874e-05,17.695366541773794,green,-11.032612521779157,-3.182879007369266
2025-02-23,9.87816576506424e-06,16.225242492724234,green,-11.029492282838248,-2.76881710780561
2025-03-02,9.276555720942234e-06,3.062563661094586,yellow,-11.028903328288038,-2.514711280675108
2025-03-09,6.388120939998168e-06,-34.45089413588622,red,-11.035528500237247,-3.0075780374593464
2025-03-16,1.0804877219279502e-05,-1.3751873812767101,yellow,-11.035792959349031,-3.139021908328843
2025-03-23,1.1468924397863912e-05,48.35014200830585,green,-11.026494855116665,-2.152598290868646
2025-03-30,7.42485587904511e-06,-22.898686633278587,red,-11.030898448699988,-2.3866570771618356
2025-04-06,8.581410250256878e-06,-7.488712872311787,red,-11.032338585790816,-1.9686482161112906
2025-04-13,1.0399648034780332e-05,-28.79680635462165,red,-11.037876433166705,-2.365114533160906
2025-04-20,1.1596607081619191e-05,-5.1990834735129,red,-11.03887625691161,-1.8356822356951241
2025-04-27,1.1382997632602692e-05,-18.45588681011261,red,-11.042425465913556,-2.135814347653131
2025-05-04,1.4541061532351351e-05,5.102851152802934,green,-11.041444148384171,-1.356528382604516
2025-05-11,1.2739800714829584e-05,-37.11243917823186,red,-11.048581155918445,-2.329202118994189
2025-05-18,1.755357590749934e-05,26.846852048257475,green,-11.04341829975532,-1.2263175304298102
2025-05-25,2.000986484628862e-05,31.492266484849196,green,-11.037362094662083,-0.3714466150867679
2025-06-01,1.907721016446704e-05,-22.698251969985428,red,-11.041727143117848,-0.3322221704479489
2025-06-08,1.6368773101198063e-05,-18.85243986611016,red,-11.045352612322867,-0.3538085427287285
2025-06-15,1.4414537274614372e-05,-47.90211353091305,red,-11.054564557232656,-1.7236071004722575
2025-06-22,1.1811487040736387e-05,-20.399742277338717,red,-11.058487584593685,-1.6959885971672861
2025-06-29,1.15180214289745e-05,-70.0425619494874,red,-11.07195730804551,-2.825620254499839
2025-07-06,2.2872596680330596e-05,-18.421710551760917,red,-11.075499944690078,-2.9953539441947896
2025-07-13,3.079403162091879e-05,53.60588081085478,green,-11.065191121457222,-1.4169858132660806
2025-07-20,2.10333105330324e-05,-36.33414162965476,red,-11.072178456386002,-2.3374069406138176
2025-07-27,1.841571262581366e-05,-30.93417629066426,red,-11.078127336441897,-3.274136925177018
2025-08-03,1.8203319059262475e-05,-17.588527813273735,red,-11.081509745636762,-3.13469026076465
2025-08-10,2.42163202351154e-05,-11.368066155265666,red,-11.08369591220508,-3.3597563713746226
2025-08-17,2.9062863606644663e-05,-4.685080764455485,yellow,-11.084596889275169,-3.5788430080501143
2025-08-24,2.1889219615614414e-05,-25.474655011515246,red,-11.089495861392766,-3.995419231305597
2025-08-31,2.4664222224719593e-05,-19.47221582833638,red,-11.093240518282832,-4.230398907045263
2025-09-07,1.9993050128097284e-05,-49.014587735280024,red,-11.102666400539617,-5.518842844317007
2025-09-14,3.167253287642486e-05,-1.425685709610569,yellow,-11.102940570868386,-5.545186396375179
2025-09-21,2.7642734730691124e-05,-6.984451971731431,red,-11.104283734709103,-5.501467527165538
2025-09-28,2.858101727513788e-05,13.354955914388,green,-11.101715473956338,-4.730694695592952
2025-10-05,2.051611176276223e-05,-35.936583046011705,red,-11.10862635531134,-5.780302016020222
2025-10-12,1.84415192859377e-05,-10.523726148226054,red,-11.110650148801385,-6.071346665495803
2025-10-19,1.725255211752832e-05,-34.8891535645242,red,-11.117359601409946,-6.540296669389889
2025-11-09,1.3709578959467372e-05,-39.33185524296405,red,-11.124923419725901,-7.172600508468463
2025-11-16,1.3332991762933192e-05,-50.36207056361732,red,-11.134608433295826,-8.856933176618753
2025-11-23,1.1003815460580105e-05,-25.094881261002655,red,-11.139434371999867,-9.096900149469356
2025-11-30,1.0786773292562237e-05,10.266701486132845,green,-11.137460006329455,-8.342313495639964
2025-12-07,1.241398564723905e-05,-12.372124287083786,red,-11.139839261000049,-8.387025210437926
2025-12-14,1.2417698976611501e-05,-8.516214101412523,red,-11.14147699448109,-9.23548495461759
2025-12-21,9.576527350480856e-06,-15.091727913318387,red,-11.144379249849036,-9.767732216797143
2025-12-28,1.2216613425435982e-05,35.20656248847214,green,-11.137608757062791,-8.761567506053858
2026-01-04,1.045892158346473e-05,8.392081250805816,green,-11.135994895283789,-8.313183520317047
2026-01-11,1.0291685080561623e-05,-29.491381321018295,red,-11.1416663147686,-9.199475176968264
2026-01-18,1.179576537214632e-05,1.151616230282393,yellow,-11.14144485010893,-9.56924696606496
2026-01-25,1.4079811752453606e-05,11.593283047443492,green,-11.139215372599807,-9.699436059139188
2026-02-01,9.477036974203556e-06,-35.60217052943653,red,-11.146061943855468,-10.602249934567354
2026-02-08,1.1875924854922258e-05,6.048260639565761,green,-11.144898816809397,-10.403812441598603
2026-02-15,1.1990161442562991e-05,4.082355789723735,yellow,-11.144113748388296,-10.56885698604848
2026-02-22,1.2714785059811657e-05,5.258929159798775,green,-11.143102415857566,-10.708693897422172
2026-03-01,1.1824535747747697e-05,-1.6634690912956884,yellow,-11.14342231375974,-11.080979198058216
2026-03-08,1.2394063060672224e-05,22.68907293118385,green,-11.139059030503741,-10.956674766549312
2026-03-15,9.923306052419764e-06,6.73958100433989,green,-11.137762957233674,-10.885962894563583
2026-03-22,1.2241448429810232e-05,65.03874433054015,green,-11.12525550640088,-8.972700616363305
2026-03-29,1.2385498614959187e-05,13.652869514599075,green,-11.12262995457115,-8.683699522211796
2026-04-05,1.059121548830667e-05,-7.961622147719005,red,-11.124161035753401,-9.766618063673604
2026-04-12,1.1239970930461248e-05,41.464298393353616,green,-11.116187132216218,-8.528868351623053
2026-04-19,9.866833612708447e-06,13.958072790044085,green,-11.113502887448904,-8.116430165808808
2026-04-26,1.2202786218343135e-05,15.989234145245312,green,-11.110428034728663,-7.255160156195828
2026-05-03,1.2344183580824825e-05,6.247242465563652,green,-11.109226641946826,-7.035038503521562
2026-05-10,1.4480076552704629e-05,24.065286736610325,green,-11.104598702189785,-6.217323627622839
