date,no2,roll_28d,log_28d,log_28d_lag52w,yoy_28d
2018-07-15,1.572816384414182e-05,2.3057027668462112e-05,-10.677539946987824,,
2018-07-22,6.796167440127525e-06,2.0840294396173648e-05,-10.778622214683029,,
2018-07-29,1.601960218311004e-05,1.9879401994150313e-05,-10.825826437965429,,
2018-08-05,2.0673519643684802e-05,1.9340788693894666e-05,-10.853294288321056,,
2018-08-12,2.802562276362773e-05,1.8462996024068057e-05,-10.899742043896623,,
2018-08-19,2.254588446947541e-05,2.0829748060783124e-05,-10.779128397782152,,
2018-08-26,2.3120548914930357e-05,2.29508737399744e-05,-10.68215455072384,,
2018-09-02,1.351346581194075e-05,2.5582534668996238e-05,-10.573600678802357,,
2018-09-09,3.0367229749773313e-05,2.828699132688249e-05,-10.4731085294241,,
2018-09-16,1.727851236511099e-05,2.953039011638027e-05,-10.43009065144639,,
2018-09-23,2.7278096048781666e-05,2.891596397454881e-05,-10.451116728692652,,
2018-09-30,2.103890620831455e-05,2.8340996970150952e-05,-10.471201145416094,,
2018-10-07,1.392728036447135e-05,2.344153962448727e-05,-10.661000911774002,,
2018-10-14,2.1436723268945267e-05,1.9579701701114118e-05,-10.841017155854667,,
2018-10-21,1.4684195511222912e-05,1.852067961431831e-05,-10.89662263318204,,
2018-10-28,1.552043681868281e-05,1.637482766072501e-05,-11.01976530103422,,
2018-11-04,1.0268651067101106e-05,1.5663222667460305e-05,-11.064195098825,,
2018-11-11,8.864189563762979e-06,1.4429885735219104e-05,-11.146209103767081,,
2018-11-18,1.4161971745582281e-05,1.2820785245519452e-05,-11.264442856746971,,
2018-11-25,7.88570340562229e-06,1.233130153257679e-05,-11.303369688161265,,
2018-12-02,9.4776674898712e-06,1.2472746397329973e-05,-11.291964582158407,,
2018-12-09,1.4819844298876877e-05,1.260260422062111e-05,-11.281607081186795,,
2018-12-16,6.003711714696924e-06,1.2626288388485485e-05,-11.279729537436548,,
2018-12-23,6.5678576633036085e-06,9.863977897702346e-06,-11.526621032808071,,
2018-12-30,9.060953728675283e-06,9.03556557261978e-06,-11.61434203791359,,
2019-01-06,8.446785094560054e-06,8.417309983659453e-06,-11.685220260129809,,
2019-01-13,7.238117284678101e-06,7.780338996048756e-06,-11.763910647966329,,
2019-01-20,1.214125585394879e-05,9.93643325727883e-06,-11.519302428925219,,
2019-01-27,1.3776043477933606e-05,1.1066339398237591e-05,-11.411602543595626,,
2019-02-03,8.738059961684831e-06,1.2070703160658036e-05,-11.324729267662054,,
2019-02-10,9.032563467888116e-06,1.216134632676795e-05,-11.317247969893163,,
2019-02-17,1.0264298740389834e-05,1.2042049580115883e-05,-11.3271059016646,,
2019-02-24,1.5273036249517498e-05,1.1684118286065208e-05,-11.357280049725457,,
2019-03-03,1.2581786143233917e-05,1.0533270871329212e-05,-11.4609716559942,,
2019-03-10,1.8478595823916204e-05,1.112110131323876e-05,-11.406666235085552,,
2019-03-17,7.2499124185566215e-06,1.0724049276002948e-05,-11.443021742673578,,
2019-03-24,5.138499144344112e-06,1.0300468586695468e-05,-11.48332116990957,,
2019-03-31,8.878264371043429e-06,1.0086405344241384e-05,-11.504322046316835,,
2019-04-07,9.573630759977562e-06,1.0145077826600989e-05,-11.498521913291476,,
2019-04-14,8.63608975015045e-06,1.0605556715072856e-05,-11.45413247579762,,
2019-04-21,7.999121899852208e-06,1.050436735359591e-05,-11.463719448841504,,
2019-04-28,1.4313252740529599e-05,1.0981591708732259e-05,-11.419290168023792,,
2019-05-05,5.329960313158192e-06,1.1319597943543144e-05,-11.38897500317484,,
2019-05-12,2.009063521593476e-05,1.1326919924842903e-05,-11.388328371176273,,
2019-05-19,1.7179628443529796e-05,1.3165760214161802e-05,-11.237891021589238,,
2019-05-26,1.3269588118248191e-05,1.3924856527995693e-05,-11.181835075400006,,
2019-06-02,1.3219262804380288e-05,1.5307921484882185e-05,-11.087140119439175,,
2019-06-09,1.3215593254798185e-05,1.7802341908068277e-05,-10.936180541451524,,
2019-06-16,5.546501261277241e-06,1.7448368710533554e-05,-10.956264397322752,,
2019-06-23,1.8598100678179796e-05,1.9190520688799248e-05,-10.861094114972525,,
2019-06-30,1.870778712232535e-05,1.9414045453780585e-05,-10.84951376138819,,
2019-07-07,1.5734150370043774e-05,1.990427305039622e-05,-10.824576123133625,,
2019-07-14,1.646896127649445e-05,2.2031403566091077e-05,-10.72304168760026,,
2019-07-21,7.811515208265665e-06,2.1039546346982297e-05,-10.769106731782431,,
2019-07-28,1.955474663734096e-05,2.0791328058957398e-05,-10.780974578434844,-10.715160088919317,-6.5814489515526375
2019-08-04,1.986961074328598e-05,2.0519564543758344e-05,-10.794131758951284,-10.793196307520667,-0.09354514306174622
2019-08-11,2.069187670786408e-05,2.0463919726079645e-05,-10.7968472358251,-10.816197799607195,1.9350563782095875
2019-08-18,3.320122327052095e-05,2.424540923636498e-05,-10.62728326834277,-10.954876226909407,32.759295856663684
2019-08-25,1.9344375706164428e-05,2.7693354730682586e-05,-10.49431807497133,-10.807003791347356,31.268571637602527
2019-09-01,2.012130680313328e-05,2.8417427124198595e-05,-10.46850796985796,-10.694712037540333,22.620406768237267
2019-09-08,1.6712240191061737e-05,2.8418885164243435e-05,-10.468456663220127,-10.562477205323537,9.402054210340971
2019-09-15,2.5655375229043086e-05,2.649111206413944e-05,-10.538701275035239,-10.47046055762331,-6.824071741192839
2019-09-22,1.9392035333798828e-05,2.6017130356598774e-05,-10.556755377026484,-10.415505842803526,-14.12495342229576
2019-09-29,2.918788338449481e-05,2.65214428028385e-05,-10.537556989796213,-10.459345570015348,-7.821141978086565
2019-10-06,1.5121867499173344e-05,2.482753467312494e-05,-10.603557251608603,-10.500219505414996,-10.333774619360625
2019-10-13,8.700648225849688e-06,2.2733449457652795e-05,-10.69167317368812,-10.619041047780833,-7.263212590728685
2019-10-20,1.146047440788092e-05,1.984359974574996e-05,-10.827629033767694,-10.811414104035542,-1.6214929732152328
2019-10-27,1.3062253855835527e-05,1.7003947800198175e-05,-10.982065017326702,-10.873032378329555,-10.903263899714766
2019-11-03,6.4843183562530104e-06,1.4832171837244706e-05,-11.118711963633135,-11.01976530103422,-9.894666259891594
2019-11-10,9.665591867039992e-06,1.2559778167205833e-05,-11.285011058926862,-11.109960899908586,-17.505015901827647
2019-11-17,1.3502134270543996e-05,1.2147349650126853e-05,-11.318399547764818,-11.16063989424533,-15.775965351948784
2019-11-24,5.8115582958522824e-06,1.0722538946268681e-05,-11.443162588361583,-11.261494480767198,-18.166810759438512
2019-12-01,4.342828017248157e-06,1.0479700509898288e-05,-11.466070456779498,-11.299913433946797,-16.615702283270117
2019-12-08,6.038029130034632e-06,1.0910361629824306e-05,-11.42579761203029,-11.264513448977334,-16.128416305295623
2019-12-15,5.750127347479063e-06,9.851601359350704e-06,-11.527876541440715,-11.272613690943825,-25.52628504968908
2019-12-22,7.2511821070552e-06,9.188311785390338e-06,-11.597578339735115,-11.347312099260067,-25.026624047504775
2019-12-29,7.663617556380243e-06,8.753881694552886e-06,-11.646013333731387,-11.542681939051839,-10.333139467954844
2020-01-05,8.000947625470382e-06,8.825449775913773e-06,-11.637870990334433,-11.621607792093778,-1.6263198240654475
2020-01-12,9.01138948583584e-06,9.06211286551654e-06,-11.611408256983763,-11.747146048272128,13.573779128836527
2020-01-19,1.2368705143016791e-05,9.65954905557809e-06,-11.547563592446643,-11.668592279991628,12.10286875449853
2020-01-26,1.3562651361811386e-05,1.1513774817885412e-05,-11.371966429146525,-11.48444793291321,11.24815037666842
2020-02-02,7.652856727626071e-06,1.18018771630252e-05,-11.347251957532487,-11.346667379063359,-0.05845784691285161
2020-02-09,1.0977744565470787e-05,1.2064149659602795e-05,-11.325272341304567,-11.31102199637759,-1.425034492697641
2020-02-16,1.2504137618891508e-05,1.1948770594072747e-05,-11.33488216403627,-11.31982957549523,-1.5052588541038858
2020-02-23,8.732495016874116e-06,1.0999615312285926e-05,-11.417650257387795,-11.346822434532003,-7.082782285579192
2020-03-01,1.1378303242061338e-05,1.0977334890251362e-05,-11.419677875365956,-11.458753319524629,3.9075444158672923
2020-03-08,1.2167531268518033e-05,1.1747029043947458e-05,-11.351910196669001,-11.460806194253719,10.889599758471746
2020-03-15,5.694649937376295e-06,1.1312993278880864e-05,-11.389558645125941,-11.42343045017634,3.3871805050399217
2020-03-22,6.027034028443486e-06,1.0367210251032678e-05,-11.47686259303097,-11.463512394539226,-1.3350198491744791
2020-03-29,8.289738912005236e-06,9.602840312478526e-06,-11.553451637366983,-11.484204335642783,-6.924730172420013
2020-04-05,2.645646584851241e-06,7.995851127120172e-06,-11.736587759918633,-11.532368875580573,-20.421888433805968
2020-04-12,6.2447477322811925e-06,7.331194224203304e-06,-11.823372132525375,-11.50740981848224,-31.596231404313535
2020-04-19,9.70102750849506e-06,7.508515589800539e-06,-11.799472769541284,-11.408195672955676,-39.12770965856076
2020-04-26,7.385527550347008e-06,7.3711793620393414e-06,-11.81793284257884,-11.439437023118703,-37.84958194601362
2020-05-03,7.6089847962662096e-06,7.100435457005949e-06,-11.855354443825064,-11.409064225677108,-44.6290218147956
2020-05-10,8.126491233584805e-06,6.401525820864359e-06,-11.958974186503623,-11.390234134000208,-56.8740052503415
2020-05-17,5.535775876789504e-06,6.6096209150020565e-06,-11.926984255971885,-11.353725773729353,-57.32584822425313
2020-05-24,4.2282424235551215e-06,6.646542806849857e-06,-11.921413717149475,-11.256052905773151,-66.53608113763241
2020-05-31,6.706483810018983e-06,7.748408284951152e-06,-11.768023118279858,-11.124047155490082,-64.3975962789776
2020-06-07,1.0277349618816574e-05,8.654357452926363e-06,-11.657447612077426,-11.02650817907195,-63.09394330054765
2020-06-14,5.849353025719813e-06,9.999393169882863e-06,-11.51298614982323,-10.919816580657962,-59.31695691652692
2020-06-21,9.482766473204342e-06,1.2079586665931732e-05,-11.32399358243938,-10.871995564994947,-45.19980174444331
2020-06-28,1.0032397512891244e-05,1.2532712071067081e-05,-11.287168366262948,-10.829018592877759,-45.814977338518936
2020-07-05,1.1837332077177499e-05,1.42616133281546e-05,-11.157939012760856,-10.833008956795199,-32.493005596565716
2020-07-12,8.643756644629176e-06,1.4172948328495471e-05,-11.164175457556597,-10.799166833563712,-36.500862399288536
2020-07-19,6.511198311127754e-06,1.5082861403102582e-05,-11.101951465168028,-10.733460313718687,-36.849115144934075
2020-07-26,7.365675457962166e-06,1.551427312750083e-05,-11.073750110822974,-10.808868857264839,-26.48812535581353
2020-08-02,2.2545581117650198e-05,1.8180990069924793e-05,-10.915134011406002,-10.798959770515312,-11.617424089068962
2020-08-09,2.4126456500388688e-05,2.1758703017211805e-05,-10.735496741741349,-10.761259023932949,2.576228219160015
2020-08-16,7.140324930689811e-06,2.0695320445230654e-05,-10.78560294869739,-10.7631199448474,-2.2483003849989913
2020-08-23,2.2275549203528137e-05,2.1429683804260988e-05,-10.750733503405142,-10.541046962283492,-20.96865411216502
2020-08-30,2.1652881247647218e-05,2.066898443675975e-05,-10.786876317709858,-10.458492522190067,-32.8383795519791
2020-09-06,1.9155318653297032e-05,2.0880075998271058e-05,-10.776715155192521,-10.473960804103847,-30.275435108867477
2020-09-13,2.4445751687890522e-05,2.354739563849051e-05,-10.656495332216346,-10.471491579663983,-18.500375255236357
2020-09-20,1.572517390363159e-05,2.4344141846695288e-05,-10.623219318624532,-10.533068968091799,-9.015035053273301
2020-09-27,2.012870934782448e-05,2.4888372121202927e-05,-10.60110984664839,-10.576173361975378,-2.493648467301135
2020-10-04,1.3772668363703466e-05,2.3401982881943852e-05,-10.662689800646117,-10.563976909598452,-9.87128910476649
2020-10-11,1.2072269073912531e-06,1.9659795202552938e-05,-10.836934860260195,-10.639304861574152,-19.762999868604325
2020-10-18,1.7279682377844922e-05,1.7115797197836984e-05,-10.975508708169022,-10.781352634095386,-19.415607407363566
2020-10-25,8.872269228951059e-06,1.4493256281222115e-05,-11.141827100776526,-10.875659724453511,-26.61673763230148
2020-11-01,1.0744559052753371e-05,1.2308896406171594e-05,-11.305188271975878,-11.054508580331595,-25.067969164428305
2020-11-08,9.584620491558957e-06,1.2212811622220125e-05,-11.313025024260108,-11.181995534212213,-13.102949004789544
2020-11-15,6.828664680429904e-06,1.3279224503885572e-05,-11.229309811412836,-11.2963565039323,6.704669251946349
2020-11-22,1.3464379478237296e-05,1.3454161180237541e-05,-11.216222118334692,-11.354950351086256,13.87282327515642
2020-11-29,1.1806535789676903e-05,1.3122518704376371e-05,-11.241180818454131,-11.43232571767641,19.11448992222784
2020-12-06,5.156542379912042e-06,1.2276965189490708e-05,-11.307785800194312,-11.466070456779498,15.828465658518631
2020-12-13,4.424956279452115e-06,1.2098152939797582e-05,-11.322457766617221,-11.42579761203029,10.33398454130694
2020-12-20,1.399735477476412e-05,1.1807751886985508e-05,-11.346754302607955,-11.527876541440715,18.112223883276002
2020-12-27,1.2237205829368572e-05,1.1355804550859417e-05,-11.385781530591887,-11.597578339735115,21.17968091432285
2021-01-03,9.212154916659408e-06,1.1437141872932145e-05,-11.37864443950906,-11.646013333731387,26.736889422232757
2021-01-10,1.1041237958691981e-05,1.106791940653091e-05,-11.411459777731185,-11.64584612482325,23.43863470920642
2021-01-17,1.254548862672578e-05,1.1010986492622414e-05,-11.416617011550272,-11.624344382660423,20.772737111015083
2021-01-24,4.6059295873257825e-06,9.951589114118965e-06,-11.517778309584346,-11.606573017794522,8.879470821017676
2021-01-31,8.42587747977773e-06,9.879162759510311e-06,-11.525082790735466,-11.403341248715936,-12.17415420195298
2021-02-07,1.2446922427359196e-05,9.639010532481868e-06,-11.549692096468583,-11.330688784580019,-21.90033118885637
2021-02-14,2.178672522821463e-06,9.209949803127218e-06,-11.595226157969542,-11.330223388355488,-26.500276961405334
2021-02-21,7.716932575324192e-06,9.448499788603659e-06,-11.569654581589852,-11.320679178030764,-24.89754035590881
2021-02-28,1.2356615874758298e-05,9.745170237848077e-06,-11.538738755906635,-11.385430182819023,-15.330857308761203
2021-03-07,5.1300357375246915e-06,9.981855228118755e-06,-11.514741590316085,-11.437242837892978,-7.749875242310722
2021-03-14,5.306053628266241e-06,1.0141024639033218e-05,-11.498921515692043,-11.357864805299108,-14.105671039293455
2021-03-21,5.548122662579063e-06,9.411172635644028e-06,-11.573612996228242,-11.379107183770017,-19.450581245822463
2021-03-28,1.0835866521575238e-05,7.856175653655747e-06,-11.754210627990007,-11.47686259303097,-27.73480349590365
2021-04-04,9.529528762827124e-06,8.502651656354902e-06,-11.675132483546108,-11.553451637366983,-12.168084617912456
2021-04-11,3.410464352026289e-06,8.227305086781844e-06,-11.708052046864497,-11.736587759918633,2.853571305413638
2021-04-18,1.023399569766525e-05,9.688610342490743e-06,-11.544559553853675,-11.823372132525375,27.88125786716993
2021-04-25,1.0050038205777196e-05,1.1150334002884752e-05,-11.404041105091128,-11.799472769541284,39.543166445015565
2021-05-02,1.7672496341812444e-05,1.1909462666098346e-05,-11.338177291811444,-11.81793284257884,47.97555507673952
2021-05-09,1.5148321340824499e-05,1.4305480041645185e-05,-11.154867874412858,-11.855354443825064,70.0486569412206
2021-05-16,1.1148350851090267e-05,1.5176802533217626e-05,-11.095742444994272,-11.941276290015173,84.5533845020901
2021-05-23,4.390704918297223e-06,1.5759470955934938e-05,-11.05806904288384,-11.94632832084617,88.82592779623302
2021-05-30,4.33890203436285e-06,1.4553947205362706e-05,-11.137648315546116,-11.893801357622548,75.61530420764325
2021-06-06,5.492552979110328e-06,1.3124158474206197e-05,-11.241055867793078,-11.759504087177424,51.84482193843465
2021-06-13,1.2885212143770942e-05,1.323178583245873e-05,-11.232888605389899,-11.641839074247782,40.89504688578831
2021-06-20,1.1810174862117355e-05,1.3434689958729483e-05,-11.217670393295256,-11.482054817544936,26.438442424968045
2021-06-27,3.537446475447645e-06,1.4447246479664758e-05,-11.145006716604252,-11.322906157543645,17.789944093939347
2021-07-04,2.025157045197015e-05,1.6344538768639445e-05,-11.021616736684907,-11.289698461084615,26.808172439970868
2021-07-11,2.2777652824865034e-05,1.9639956598489585e-05,-10.837944464893269,-11.16688949484583,32.89450299525605
2021-07-18,1.0456922483330007e-05,2.0962066066653396e-05,-10.772796131487002,-11.132300897006672,35.950476551967014
2021-07-25,1.3412703233218373e-05,2.179634165743592e-05,-10.733768416130642,-11.070626970943712,33.68585548130696
2021-08-01,3.3619837685672053e-05,2.1659682386979114e-05,-10.740057980073312,-10.990591689737824,25.053370966451283
2021-08-08,2.8184384124321587e-05,2.0870771212258624e-05,-10.777160884407047,-10.824659865805994,4.749898139894704
2021-08-15,2.5979271144203234e-05,2.171959215368312e-05,-10.737295840529574,-10.709962076511555,-2.7333764018019124
2021-08-22,2.4061245021496045e-05,2.5186825216900197e-05,-10.589189509012263,-10.768142992918769,17.89534839065059
2021-08-29,2.2226684291017757e-05,2.4826077852972047e-05,-10.603615930930376,-10.770945497993562,16.732956706318625
2021-09-05,1.8783048078365948e-05,2.527517076230216e-05,-10.585688036906392,-10.83290910598258,24.7221069076188
2021-09-12,1.8333244693410606e-05,2.4556174463620762e-05,-10.614547229699522,-10.805538699813306,19.09914701137847
2021-09-19,2.6492106485559546e-05,2.2798954923061477e-05,-10.688795859762243,-10.644811806955389,-4.398405280685402
2021-09-26,2.3439404292332035e-05,2.4405288222692916e-05,-10.620710718709532,-10.617544053369558,-0.3166665339973562
2021-10-03,1.3648988729384736e-05,2.257403306852199e-05,-10.698710291537699,-10.578221076631923,-12.048921490577591
2021-10-10,2.409739314050067e-05,2.1162903124959205e-05,-10.76326076166298,-10.676342194410934,-8.691856725204694
2021-10-17,1.9897006697910116e-05,1.854299323358013e-05,-10.895418563523364,-10.901722641283282,0.6304077759917703
2021-10-24,6.6408934287269445e-06,1.7359175932158928e-05,-10.961389319204459,-11.032719055034816,7.132973583035707
2021-10-31,1.3614026168458719e-05,1.7333387664862246e-05,-10.962875993544586,-11.21751829149964,25.46422979550549
2021-11-07,6.066619324051484e-06,1.672952912875536e-05,-10.99833518868408,-11.287061150851764,28.872596216768365
2021-11-14,1.595173372215203e-05,1.6477588077787843e-05,-11.013509398696979,-11.281205481326428,26.7696082629449
2021-11-21,2.0994346989821583e-05,1.5509782372293155e-05,-11.07403961231894,-11.226821382425577,15.278177010663718
2021-11-28,3.6750860370887384e-06,1.2826988701653653e-05,-11.263959114472266,-11.22671968556813,-3.7239428904136673
2021-12-05,1.3485363915832695e-05,1.2581794664982782e-05,-11.283259656693462,-11.291585975241446,0.8326318547984712
2021-12-12,1.1893989872807607e-05,1.3066110367275294e-05,-11.245488674675276,-11.263464170961576,1.7975496286300796
2021-12-19,2.357196718778445e-05,1.2678376722669134e-05,-11.275612635867235,-11.297502406119133,2.1889770251897644
2021-12-26,1.2760534005208465e-05,1.1489627688090706e-05,-11.374065869753867,-11.394249178441036,2.0183308687169443
2022-01-02,6.108351750546286e-06,1.1351884461060318e-05,-11.386126796007137,-11.376425254795533,-0.9701541211603271
2022-01-09,9.999205327630048e-06,1.0577901841585326e-05,-11.456743464850653,-11.378822395897899,-7.792106895275452
2022-01-16,9.662116075139904e-06,1.0563354256459466e-05,-11.458119692200105,-11.43380933305405,-2.431035914605495
2022-01-23,7.14658548200963e-06,1.0908506722745462e-05,-11.425967639829473,-11.475849326304196,4.988168647472335
2022-01-30,1.1304116520134337e-05,1.1737822107430291e-05,-11.352694271213863,-11.52386888266689,17.11746114530257
2022-02-06,1.4195700934689011e-05,1.2580946195290657e-05,-11.28332709526839,-11.589547658121674,30.62205628532837
2022-02-13,9.935370794269823e-06,1.2290070176777874e-05,-11.306718924331204,-11.578758280943008,27.203935661180445
2022-02-20,9.521353898539977e-06,1.2329596667559776e-05,-11.303507952794279,-11.595967076447579,29.245912365330007
2022-02-27,8.477854021504313e-06,1.2235305669653337e-05,-11.311184878165259,-11.598401926809002,28.72170486437433
2022-03-06,1.0793770850517207e-05,1.1036016497333512e-05,-11.414346406745047,-11.504523048224787,9.017664147974003
2022-03-13,1.3180653258484576e-05,1.0613013264379443e-05,-11.453429643361622,-11.465581982446611,1.2152339084989805
2022-03-20,4.426673011130845e-06,1.0215532092609913e-05,-11.491601241711114,-11.543687896489727,5.208665477861274
2022-03-27,7.414050249406505e-06,9.591005546037965e-06,-11.554684820964226,-11.612029395967808,5.7344575003581255
2022-04-03,4.911637016180431e-06,9.182738563123738e-06,-11.598185079396902,-11.721730964060662,12.354588466375915
2022-04-10,7.69479230522997e-06,9.353129546717863e-06,-11.579799559787952,-11.713425193467387,13.362563367943459
2022-04-17,8.217537777992115e-06,9.66240270032249e-06,-11.547268213925756,-11.74439816745253,19.71299535267743
2022-04-24,5.539100047850093e-06,1.1350178274217506e-05,-11.3862771071807,-11.471942187611853,8.566508043115384
2022-05-01,1.963257049009011e-05,1.2514935682963245e-05,-11.288587772289647,-11.348203620580373,5.961584829072564
2022-05-08,8.030497408356924e-06,1.3686613572447145e-05,-11.199092314315038,-11.266987003765164,6.789468945012622
2022-05-15,1.6185992225177968e-05,1.4795019207145665e-05,-11.121219973894243,-11.120459515155652,-0.07604587385916517
2022-05-22,1.5380043257791343e-05,1.546813619511049e-05,-11.076728379298684,-11.062984869177185,-1.3743510121498659
2022-05-29,7.536695292178277e-06,1.589976157526653e-05,-11.049206444116775,-11.067386712243676,1.8180268126901211
2022-06-05,6.039626871708225e-06,1.4456800683816937e-05,-11.144345618561745,-11.198625592396606,5.427997383486094
2022-06-12,2.1124069805633133e-05,1.542123196598237e-05,-11.07976529898787,-11.217356102771417,13.75908037835476
2022-06-19,1.348857581928859e-05,1.5320837675082476e-05,-11.086296716616458,-11.242298428428802,15.600171181234401
2022-06-26,1.9497544395919772e-05,1.5495444307212054e-05,-11.074964492904485,-11.210165942797119,13.520144989263372
2022-07-03,2.2273366295405484e-05,1.9364211492585495e-05,-10.852083963999275,-11.116346671924278,26.42627079250026
2022-07-10,1.4078019817420923e-05,2.0079499900346912e-05,-10.815811168812099,-10.94944080380237,13.362963499027103
2022-07-17,1.286167203997034e-05,1.9203674961778254e-05,-10.860408892986712,-10.822780666125075,-3.7628226861636804
2022-07-24,2.264869132164882e-05,2.2266636697412244e-05,-10.712421112015289,-10.788426002963012,7.600489094772378
2022-07-31,3.0924423615454974e-05,2.3519624008826673e-05,-10.6576754210809,-10.721699584646347,6.402416356544727
2022-08-07,7.5287262139184706e-06,2.3164439728267393e-05,-10.672892225519497,-10.798300025461065,12.540779994156814
2022-08-14,2.2941103564084154e-05,2.5773771396607495e-05,-10.566153195672308,-10.764140397314268,19.79872016419595
2022-08-21,2.4866666320298547e-05,2.4589198266787693e-05,-10.613203306302356,-10.670612986527079,5.740968022472259
2022-08-28,1.548456816056477e-05,2.552461611027702e-05,-10.575867233780727,-10.587954934541411,1.2087700760684328
2022-09-04,2.473553427485509e-05,2.6895916625650588e-05,-10.52353608118196,-10.571698953895986,4.8162872714025085
2022-09-11,2.724874792699832e-05,2.8372068589602502e-05,-10.470105397117047,-10.593747077334863,12.364168021781552
2022-09-18,2.004858734228414e-05,2.874294431603716e-05,-10.457118235934486,-10.637585100907822,18.046686497333653
2022-09-25,3.347164823816755e-05,2.7240560902973905e-05,-10.5108034857432,-10.673682709552773,16.287922380957376
2022-10-02,2.2614177809519862e-05,2.6240552954817523e-05,-10.548204521137189,-10.62397647674795,7.5771955610761665
2022-10-09,8.229467793559965e-06,2.3909224605778022e-05,-10.641246206723867,-10.73725316702469,9.60069603008229
2022-10-16,8.939116647571892e-06,2.163913536305839e-05,-10.741007060280612,-10.79468207816512,5.367501788450824
2022-10-23,1.7818364821982053e-05,1.9313158745605582e-05,-10.854723894083216,-10.899515801032118,4.479190694890178
2022-10-30,1.176934466967163e-05,1.866764467551373e-05,-10.888718763938625,-11.002629119552717,11.391035561409169
2022-11-06,1.394071326569473e-05,1.7190110629761384e-05,-10.971176302885665,-10.968556024118978,-0.2620278766686468
2022-11-13,1.5164638424622486e-05,1.728793764982583e-05,-10.965501545324162,-11.022944619753348,5.744307442918561
2022-11-20,1.2144405028026162e-05,1.648110589260225e-05,-11.013295930600766,-11.055741963499555,4.244603289878945
2022-11-27,1.7975354043562245e-05,1.542333610327604e-05,-11.079628864119195,-11.094000460101617,1.4371595982421326
2022-12-04,1.5877870546346955e-05,1.5925592024644068e-05,-11.047583181395225,-11.236076277968976,18.849309657375102
2022-12-11,1.823024843332903e-05,1.535386677617465e-05,-11.084143208411723,-11.277076712537514,19.29335041257918
2022-12-18,5.163057012914735e-06,1.4334208563587977e-05,-11.152861670227159,-11.251822171354783,9.896050112762467
2022-12-25,7.48561047509078e-06,1.3621889794273719e-05,-11.203832515452891,-11.36337418794599,15.954167249309847
2023-01-01,1.360111293101368e-05,1.231033208983795e-05,-11.30507164089069,-11.322998002506456,1.7926361615765884
2023-01-08,7.492218026348355e-06,1.1700204458081153e-05,-11.355904241263579,-11.398119953171516,4.22157119079376
2023-01-15,1.2216040486428254e-05,1.2605283768560533e-05,-11.281394485196948,-11.45828407866341,17.68895934664627
2023-01-22,1.0452697767504801e-05,1.2106478507321505e-05,-11.321769834816198,-11.4317181144061,10.99482795899025
2023-01-29,2.230193092075427e-05,1.1772772551153185e-05,-11.349721103586548,-11.421295853915021,7.157475032847316
2023-02-05,4.513685686379416e-06,1.0607000733916902e-05,-11.453996328249193,-11.276936915325182,-17.70594129240113
2023-02-12,1.2782850231059416e-05,1.0056151381405742e-05,-11.50732603295056,-11.284057500188368,-22.32685327621926
2023-02-19,9.796646299286418e-06,1.0018402588188563e-05,-11.511086897353117,-11.283422013813583,-22.766488353953385
2023-02-26,3.8917041079260646e-07,9.428440934612692e-06,-11.57177980535729,-11.270895494160671,-30.088431119661863
2023-03-05,8.434642322975625e-06,1.0335620136365235e-05,-11.479914363112034,-11.394856331072337,-8.50580320396972
2023-03-12,7.423494370905207e-06,9.421130489803562e-06,-11.572555467043284,-11.401270682672088,-17.128478437119554
2023-03-19,9.563780222505549e-06,9.410438909303834e-06,-11.573690962595661,-11.43176636522683,-14.192459736883123
2023-03-26,7.971178906447493e-06,9.100375138610255e-06,-11.607194921268052,-11.539035707305688,-6.815921396236391
2023-04-02,7.175308979387589e-06,9.069215331237942e-06,-11.61062481012233,-11.563973167676572,-4.66516424457577
2023-04-09,8.074442210327752e-06,9.943122869720145e-06,-11.518629414633443,-11.638503010114375,11.987359548093224
2023-04-16,1.5429095090092502e-05,1.1143250365666882e-05,-11.404676591726131,-11.57623486829403,17.155827656789846
2023-04-23,1.3965940528628179e-05,1.3796847986264039e-05,-11.19107039868238,-11.402881394463016,21.181099578063645
2023-04-30,8.507615755449176e-06,1.486020986022898e-05,-11.116823396282527,-11.320134891059288,20.331149477676114
2023-05-07,6.452168696050483e-06,1.538300054724335e-05,-11.082247518816107,-11.254700953542455,17.245343472634822
2023-05-14,2.0128184528554957e-05,1.628080457199012e-05,-11.025523777727138,-11.132337546931197,10.681376920405938
2023-05-21,8.314190917875708e-06,1.7129874920532265e-05,-10.974686547433523,-11.093352345212248,11.866579777872488
2023-05-28,1.035226576253465e-05,1.6497848714567587e-05,-11.01228056649337,-11.060206358224239,4.792579173086864
2023-06-04,2.052788109131095e-05,1.8356114826748433e-05,-10.905547805908192,-11.049206444116775,14.365863820858316
2023-06-11,3.1334367184403564e-05,2.08660613516144e-05,-10.777386577655667,-11.144345618561745,36.69590409060781
2023-06-18,1.4650013964923519e-05,2.050835880259637e-05,-10.794678008457797,-11.07976529898787,28.508729053007187
2023-06-25,1.5917255895575986e-05,2.0226110805998582e-05,-10.808536174105226,-11.086296716616458,27.776054251123128
2023-07-02,3.229820124496932e-05,2.1951553669456562e-05,-10.726672638740448,-11.074964492904485,34.829185416403696
2023-07-09,3.4994659854908944e-05,2.4040723101382927e-05,-10.635761369657166,-10.852083963999275,21.632259434210965
2023-07-16,3.323008685174995e-05,2.6012767383817377e-05,-10.556923087246226,-10.815811168812099,25.888808156587295
2023-07-23,2.43084026585327e-05,2.8534278008357114e-05,-10.464404456263212,-10.860408892986712,39.60044367234996
2023-07-30,1.4125996584453043e-05,2.6705223496214133e-05,-10.53065137513008,-10.712421112015289,18.176973688520803
2023-08-06,2.0474973656646676e-05,2.550636359900774e-05,-10.576582584030776,-10.6576754210809,8.109283705012338
2023-08-13,2.296125830692064e-05,2.5633299009151626e-05,-10.571618309166482,-10.662845347028645,9.122703786216313
2023-08-20,1.669040649139561e-05,2.5545452034806335e-05,-10.575051259710506,-10.580218551012141,0.5167291301635402
2023-08-27,3.81193240114675e-05,2.7620984393807635e-05,-10.496934770002467,-10.616429977561172,11.949520755870502
2023-09-03,1.737188650577752e-05,2.881494826067572e-05,-10.45461626864638,-10.554493691357024,9.987742271064448
2023-09-10,1.7715777609476304e-05,2.9434906432042702e-05,-10.433329294288399,-10.546649558804072,11.332026451567323
2023-09-17,3.096909438907469e-05,3.022613931084934e-05,-10.406803467852926,-10.475542542362025,6.873907450909833
2023-09-24,2.507905682325173e-05,3.130457182861068e-05,-10.37174640627275,-10.451149424291287,7.9403018018537
2023-10-01,2.3621325032348543e-05,3.083966869659068e-05,-10.38670875197955,-10.534668322528768,14.795957054921871
2023-10-08,9.925991843191351e-06,2.908837529150602e-05,-10.445171938116722,-10.545321442850993,10.014950473427042
2023-10-15,1.656409958758386e-05,2.619698447275742e-05,-10.549866250280969,-10.625768361934368,7.590211165339866
2023-10-22,4.5351726442947605e-05,2.6400056460856147e-05,-10.542144409145497,-10.692357141887152,15.021273274165559
2023-10-29,1.4456261337699433e-05,2.3233446517979847e-05,-10.66991765722871,-10.81443687020202,14.451921297330905
2023-11-05,1.581544424748529e-05,2.134330336004111e-05,-10.754772527442448,-10.846025383257125,9.12528558146768
2023-11-12,1.2936527154589533e-05,2.180407939429722e-05,-10.733413477496754,-10.959925218710909,22.65117412141553
2023-11-19,1.060700267588025e-05,1.5913072761344128e-05,-11.048369600299994,-10.976112516188987,-7.225708411100662
2023-11-26,1.1931790575030052e-05,1.5391994024589974e-05,-11.081663052256307,-10.982414358236714,-9.924869401959313
2023-12-03,4.7127769259871085e-06,1.4641448332825488e-05,-11.131654124486536,-11.064837205196973,-6.68169192895629
2023-12-10,1.4326157346042467e-05,1.2100040393926073e-05,-11.322301767026154,-11.051222303398674,-27.10794636274798
2023-12-17,9.22590344263993e-06,1.1301480671882018e-05,-11.390576807920128,-11.096034570635275,-29.454223728485296
2023-12-24,1.0302206168586471e-05,1.032535725998804e-05,-11.480907818264168,-11.10600302896574,-37.49047892984283
2023-12-31,6.722836543945498e-06,1.002342183441511e-05,-11.51058602016493,-11.147531806262934,-36.30542139019948
2024-01-07,7.832431541063531e-06,1.0361689512507574e-05,-11.477395254071219,-11.274173381354629,-20.322187271658976
2024-01-14,9.729963486093007e-06,1.017045190301684e-05,-11.496023913982762,-11.333045997952095,-16.29779160306679
2024-01-21,1.246368492779207e-05,1.0262969076766095e-05,-11.486968376384638,-11.311945109255632,-17.50232671290064
2024-01-28,8.988824774389718e-06,9.766788647897192e-06,-11.536522841141569,-11.322486710738245,-21.40361304033238
2024-02-04,7.440891826593708e-06,1.0066920276682841e-05,-11.506255729520936,-11.372842118765272,-13.341361075566383
2024-02-11,2.2764241730728924e-05,1.056094493581688e-05,-11.458347801131067,-11.367487149426191,-9.0860651704876
2024-02-18,1.1663618168630865e-05,1.0341367598688088e-05,-11.479358434700746,-11.480627395994247,0.12689612935012917
2024-02-25,8.443908409810768e-06,1.002764192104248e-05,-11.510165086219363,-11.504898476560498,-0.5266609658864496
2024-03-03,7.853280767554177e-06,9.872128147315838e-06,-11.525795109998556,-11.490285587345012,-3.550952265354468
2024-03-10,1.21058896665638e-05,9.653832013559623e-06,-11.54815562158592,-11.50251842378718,-4.56371977987402
2024-03-17,5.357457486776155e-06,9.856435824004498e-06,-11.527385932994447,-11.543467966793562,1.6082033799115436
2024-03-24,9.51090197705145e-06,9.630728811989943e-06,-11.550551653606725,-11.57832438937743,2.777273577070538
2024-03-31,1.0133711687952263e-05,9.547797066762748e-06,-11.5592001037183,-11.590785644196739,3.1585540478438645
2024-04-07,7.724435750247428e-06,9.48097724296098e-06,-11.566223162309681,-11.631511262329754,6.52881000200729
2024-04-14,7.364099624515773e-06,9.790571512153108e-06,-11.534090725990584,-11.507569622462777,-2.6521103527807455
2024-04-21,8.622308887287049e-06,1.0832329847949063e-05,-11.432975391007147,-11.425579700492795,-0.7395690514352182
2024-04-28,1.2153121333195607e-05,1.1910702270017253e-05,-11.338073211598452,-11.296868525057434,-4.120468654101828
2024-05-05,1.3394342408750824e-05,1.2673166604240812e-05,-11.276023665557577,-11.142338254643066,-13.368541091451114
2024-05-12,2.6598190903829527e-05,1.4589526154193259e-05,-11.135206673394046,-11.074339828545977,-6.086684484806959
2024-05-19,1.5093901210126003e-05,1.5001405268292196e-05,-11.107366676697374,-11.048313690309598,-5.905298638777623
2024-05-26,1.5941665506878744e-05,1.5379439674232894e-05,-11.082479026654935,-10.974686547433523,-10.779247922141266
2024-06-02,2.167453686409963e-05,1.8313689325870855e-05,-10.907861727173255,-11.01228056649337,10.441883932011464
2024-06-09,1.3431478125972976e-05,1.829230376361513e-05,-10.909030145942085,-10.874648731568563,-3.4381414373521935
2024-06-16,1.631897707751889e-05,2.1362397774151616e-05,-10.753878294828263,-10.796878262735238,4.2999967906974135
2024-06-23,1.4160945431090261e-05,2.149854514667899e-05,-10.747525292716539,-10.804092469038151,5.656717632161268
2024-06-30,1.3141776168804172e-05,2.1869777540976574e-05,-10.73040489520769,-10.750781075723514,2.0376180515825126
2024-07-07,2.2833504221165038e-05,2.396713262066378e-05,-10.638827140342057,-10.710615141405881,7.1788001063824325
2024-07-14,1.813402365286715e-05,2.1919845385043613e-05,-10.728118149511362,-10.600910600832197,-12.720754867916462
2024-07-21,1.886491524091161e-05,2.550096805553908e-05,-10.576794143558152,-10.541539544023248,-3.525459953490362
2024-07-28,1.6698164440365115e-05,2.5116726149330764e-05,-10.591976553307974,-10.473357721467554,-11.861883184042021
2024-08-04,2.2936564801897328e-05,2.3685007158123416e-05,-10.650668319366801,-10.532572142645833,-11.809617672096806
2024-08-11,2.9760019481240683e-05,2.5218762405757177e-05,-10.587922300568238,-10.56183789318231,-2.6084407385928543
2024-08-18,2.777847388500181e-05,2.5313833656476082e-05,-10.58415952682221,-10.556245346922179,-2.7914179900031755
2024-08-25,2.4904052653350742e-05,2.5775605481553614e-05,-10.566082037297253,-10.544670200386342,-2.1411836910910864
2024-09-01,7.376170492379717e-06,2.680572069939324e-05,-10.526895234293995,-10.420450312541119,-10.644492175287645
2024-09-08,1.1753404673796235e-05,2.819293972658443e-05,-10.476438975672098,-10.454721839212004,-2.1717136460093656
2024-09-15,3.378751927815247e-05,2.7734813691336656e-05,-10.492822121936403,-10.439057349702155,-5.376477223424736
2024-09-22,2.1993281580413237e-05,2.8135918213544187e-05,-10.478463569622798,-10.36084739614324,-11.761617347955777
2024-09-29,3.7812980227716755e-05,2.7647699547848734e-05,-10.495968032449971,-10.441305632437976,-5.466240001199552
2024-10-06,1.875508612545529e-05,2.644580338632199e-05,-10.54041307439097,-10.379321431498424,-16.109164289254707
2024-10-13,1.091657360616997e-05,2.3676060726614186e-05,-10.65104611623732,-10.472270772808365,-17.87753434289545
2024-10-20,2.219893883630513e-05,2.234605949305999e-05,-10.70886056148431,-10.544573263175959,-16.42872983083503
2024-10-27,1.71402672619957e-05,2.1150013354037137e-05,-10.76387002107563,-10.538758884168196,-22.51111369074348
2024-11-03,1.9005155935574046e-05,2.0731765180707755e-05,-10.783843484118682,-10.722570808065155,-6.127267605352671
2024-11-10,9.476070549553091e-06,2.0033454312921775e-05,-10.818106966194891,-10.768366543856605,-4.9740422338286905
2024-11-17,1.2660187515855552e-05,1.684532510831744e-05,-10.991437381302838,-10.940213837945695,-5.122354335714263
2024-11-24,1.433687208998222e-05,1.5415236516620095e-05,-11.080154153466534,-11.113752145065188,3.3597991598654176
2024-12-01,9.072319197351968e-06,1.3340551084234731e-05,-11.224702207667784,-11.153247939937401,-7.145426773038288
2024-12-08,1.2190124562795459e-05,1.1673876204874867e-05,-11.35815701558404,-11.245266951156287,-11.289006442775218
2024-12-15,6.1550987408598365e-06,1.1254587086104245e-05,-11.394734771430569,-11.346028468026027,-4.870630340454163
2024-12-22,5.174010050963711e-06,1.0242520608837259e-05,-11.488962815436878,-11.462773096411793,-2.6189719025085267
2024-12-29,1.1798116819398823e-05,1.0099234477102076e-05,-11.503050931335926,-11.485591556318282,-1.7459375017644163
2025-01-05,1.4795124531830445e-05,1.1135409683450256e-05,-11.40538046552492,-11.468893585373817,6.35131198488974
2025-01-12,1.7828615026210108e-05,1.1840471196942215e-05,-11.343987132261256,-11.510842086404915,16.685495414365903
2025-01-19,1.3266757524949911e-05,1.2647702935796999e-05,-11.278034945382501,-11.494179363110375,21.61444177278735
2025-01-26,1.3734311661067021e-05,1.1906908409837892e-05,-11.338391787652318,-11.536522841141569,19.813105348925042
2025-02-02,1.0100322784282652e-05,1.1704749493144034e-05,-11.355515858946786,-11.506255729520936,15.07398705741494
2025-02-09,1.0622229996533194e-05,1.1789317964304973e-05,-11.348316693747753,-11.458347801131067,11.0031107383314
2025-02-16,1.0299305058458482e-05,1.1592415293676377e-05,-11.365159527701119,-11.479358434700746,11.419890699962743
2025-02-23,1.2100100981800439e-05,1.1630719025907833e-05,-11.361860768245238,-11.510165086219363,14.83043179741248
2025-03-02,6.55855869531148e-06,1.1020390322856338e-05,-11.415763335369816,-11.525795109998556,11.003177462874092
2025-03-09,8.829843913535468e-06,9.730437568611412e-06,-11.54025169169722,-11.54815562158592,0.7903929888700034
2025-03-16,9.407927241040048e-06,9.337554840895824e-06,-11.581466134334278,-11.503985363018415,-7.7480771315862285
2025-03-23,6.493897047074324e-06,9.52310508763061e-06,-11.561789597674052,-11.558623533798785,-0.31660638752661896
2025-03-30,4.095454800670233e-06,8.660342329136692e-06,-11.65675630624781,-11.56966978938796,-8.708651685985025
2025-04-06,1.1799352993139205e-05,9.14666438845409e-06,-11.60212129285045,-11.570677986281652,-3.1443306568798235
2025-04-13,6.818485464202493e-06,9.391962629503416e-06,-11.57565627385755,-11.542106379399437,-3.3549894458113627
2025-04-20,1.145138304289627e-05,9.630400699553097e-06,-11.55058572351282,-11.447145598927747,-10.344012458507201
2025-04-27,1.3540057592529045e-05,1.0431683069838335e-05,-11.470662933816788,-11.354673872869046,-11.598906094774186
2025-05-04,6.43451113555086e-06,1.1988515006954796e-05,-11.33156144922618,-11.322903492778519,-0.8657956447661874
2025-05-11,1.066641918147484e-05,1.2152392838865956e-05,-11.317984466097693,-11.205099962934126,-11.288450316356702
2025-05-18,1.6445878467050204e-05,1.35116668441615e-05,-11.211957035056301,-11.120814234452611,-9.114280060368962
2025-05-25,1.943904575613029e-05,1.5986343580188862e-05,-11.043775726423608,-11.099556799699474,5.578107327586679
2025-06-01,8.339300016291669e-06,1.713370556280388e-05,-10.974462948951778,-10.938278957076902,-3.6183991874876753
2025-06-08,1.768704920327107e-05,1.8535894942218576e-05,-10.895801438620083,-10.885515259295696,-1.0286179324387135
2025-06-15,2.161636288377956e-05,1.7592881638116042e-05,-10.948016190112863,-10.79141558657552,-15.660060353734373
2025-06-22,9.511190842841346e-06,1.5838385695705767e-05,-11.053074089921381,-10.75201768186902,-30.105640805236078
2025-06-29,1.3954430920649909e-05,1.4289562667229901e-05,-11.155981170603486,-10.705990356104591,-44.99908144988947
2025-07-06,2.113227929909713e-05,1.5790673664171653e-05,-11.0560910666314,-10.646727916407757,-40.936315022364234
2025-07-13,1.980537027415128e-05,1.9960806427950424e-05,-10.821739885695179,-10.707181916517326,-11.455796917785221
2025-07-20,1.8664841438253688e-05,2.1704653778085675e-05,-10.737983860591463,-10.599929589825289,-13.805427076617427
2025-07-27,1.3362056228574058e-05,2.307613217391346e-05,-10.676711713820675,-10.594790342426245,-8.192137139442934
2025-08-03,2.0267468015753408e-05,2.192574330228302e-05,-10.727849118238133,-10.666104971118136,-6.1744147119997095
2025-08-10,2.4960307551435086e-05,2.05040868852975e-05,-10.794886331431112,-10.624065092093375,-17.08212393377373
2025-08-17,1.7726057719655616e-05,2.274840568728224e-05,-10.691015494702912,-10.588859783760562,-10.21557109423501
2025-08-24,3.784038779052695e-06,2.2456609679158097e-05,-10.70392556932855,-10.603251248772347,-10.067432055620351
2025-08-31,2.191700557762089e-05,2.381114173927209e-05,-10.645356946524782,-10.494085232916332,-15.127171360845004
2025-09-07,1.711870067613101e-05,2.2812210347214972e-05,-10.688214623810557,-10.438579873962574,-24.963474984798317
2025-09-14,3.1460044217424854e-05,2.3516411277555604e-05,-10.657812028312208,-10.487135721444755,-17.06763068674526
2025-09-21,1.9774177848242766e-05,2.6228009630630823e-05,-10.548682648374054,-10.4508549400881,-9.782770828595488
2025-09-28,2.565861157787391e-05,2.7722296380017323e-05,-10.493273545081813,-10.535447192018767,4.21736469369538
2025-10-05,2.5469563423261618e-05,2.7254399137997312e-05,-10.510295613627669,-10.558770818484284,4.847520485661505
2025-10-12,1.2127918840423792e-05,2.3401408001191787e-05,-10.662714366419717,-10.62961135630789,-3.310301011182659
2025-10-19,1.0630924552950763e-05,2.0330098900886494e-05,-10.803408065560323,-10.709405724795939,-9.400234076438352
2025-10-26,3.3848751736400605e-05,2.0112262600536774e-05,-10.81418084929347,-10.70886056148431,-10.532028780916036
2025-11-09,9.752691229446268e-06,1.6776014370773418e-05,-10.99556040773809,-10.729557189725046,-26.60032180130436
2025-11-16,1.3693180402357658e-05,1.6034280669156887e-05,-11.040781585871741,-10.784274368263592,-25.650721760814932
2025-11-23,1.060886880551185e-05,1.4737573613962124e-05,-11.125110297103108,-10.815542226652239,-30.956807045086876
2025-11-30,1.0865746797998179e-05,1.2996944539546597e-05,-11.250796263547382,-10.971415761742119,-27.938050180526375
2025-12-07,1.5682901834997847e-05,1.2583460384122313e-05,-11.28312727423688,-11.073680200531967,-20.944707370491322
2025-12-14,1.1887304965851236e-05,1.2430044861348187e-05,-11.295394043329246,-11.19845819626608,-9.69358470631665
2025-12-21,8.227526099738165e-06,1.2022789639015802e-05,-11.328706572671537,-11.366494876705733,3.7788304034195974
2025-12-28,1.0250555610532737e-05,1.2614253065856587e-05,-11.280683187623712,-11.374302285068463,9.361909744475128
2026-01-04,1.4435854602541147e-05,1.1392713013661687e-05,-11.382536616273129,-11.457512926571995,7.497631029886698
2026-01-11,6.288097845037446e-06,1.0743260497263433e-05,-11.441231930480818,-11.51273702652297,7.150509604215216
2026-01-18,1.1251137219465975e-05,1.10225401602736e-05,-11.415568276239568,-11.413770506692734,-0.17977695468349708
2026-01-25,1.2512355028278645e-05,1.129778377197542e-05,-11.390903977855128,-11.379832677178019,-1.1071300677109264
2026-02-01,4.818284193661625e-06,1.1251284831525854e-05,-11.395028228588254,-11.301152211969931,-9.387601661832257
2026-02-08,1.3609493523223156e-05,1.1567476830191103e-05,-11.36731311917646,-11.344216254363204,-2.3096864813256346
2026-02-15,1.2033643407081514e-05,1.1763871640420968e-05,-11.350477448550944,-11.348211325174624,-0.22661233763194844
2026-02-22,1.3174432548082174e-05,1.1393040979482005e-05,-11.382507829354738,-11.334392788533396,-4.811504082134199
2026-03-01,6.808198220553007e-06,1.1452643234883016e-05,-11.377290004397711,-11.34373284809997,-3.355715629774103
2026-03-08,9.024238313054285e-06,1.2047866679131074e-05,-11.326622952777136,-11.343008771226431,1.6385818449295542
2026-03-15,7.121504220632931e-06,1.1363336783428703e-05,-11.38511845686613,-11.37118820729583,-1.393024957029887
2026-03-22,3.3009839567855223e-06,1.0737047344755455e-05,-11.441810428026287,-11.514869861941856,7.305943391556902
2026-03-29,9.171689580525854e-06,1.0770144943192592e-05,-11.438732608837084,-11.581466134334278,14.273352549719398
2026-04-05,7.869228776334045e-06,1.03246048423567e-05,-11.480980691776278,-11.561789597674052,8.08089058977739
2026-04-12,4.692999218960488e-06,1.0527060606891683e-05,-11.461561415431174,-11.65675630624781,19.51948908166372
2026-04-19,8.102244475295905e-06,1.0462031396774524e-05,-11.467757911990486,-11.60212129285045,13.436338085996447
2026-04-26,1.4508529482167655e-05,1.1022083017262864e-05,-11.415609750571619,-11.57565627385755,16.00465232859314
2026-05-03,1.223239569826844e-05,1.1140738227895347e-05,-11.40490205744755,-11.569141632810883,16.423957536333234
2026-05-10,9.147976550948241e-06,1.2191916494485193e-05,-11.31473740824905,-11.50353213799988,18.87947297508301
2026-05-17,1.2615597143500151e-05,1.2885067748214678e-05,-11.259441455960328,-11.351605392846297,9.216393688596902
2026-06-07,1.2208917956291376e-05,1.269835949012909e-05,-11.274037746848993,-11.353702350601454,7.966460375246065
2026-06-14,1.108675267465775e-05,1.4044621934976394e-05,-11.173271015892375,-11.317984466097693,14.471345020531778
2026-06-21,1.5576081613211125e-05,1.5343038633671263e-05,-11.084848696004554,-11.239893303242821,15.504460723826696
2026-06-28,1.459556048077334e-05,1.5633053537602748e-05,-11.066123068721797,-11.068211988778687,0.20889200568898758
2026-07-05,1.4592803437496066e-05,1.6989450849694942e-05,-10.982917944774846,-11.063796402308746,8.087845753390077
2026-07-12,1.838227566643943e-05,1.8930190317548698e-05,-10.87475253904035,-10.961984050516444,8.723151147609443
2026-07-19,1.4366059354910282e-05,1.9684609502714162e-05,-10.83567347106713,-10.89899532123348,6.332185016634995
2026-07-26,2.2688059567662764e-05,2.0603860150145407e-05,-10.7900321137939,-10.960276345415094,17.024423162119362
2026-08-02,1.934624990021025e-05,2.0459758244132885e-05,-10.797050613535388,-11.043380616435506,24.633000290011786
2026-08-09,3.087873352421864e-05,2.2116800838915846e-05,-10.71917301930516,-11.06660751930348,34.74344999983199
