roi,name,dept,altitude,date,no2_mol_m2,n_valid_pixels
cobija,Cobija,Pando,lowland,2026-01-01,,0
cochabamba,Cochabamba,Cochabamba,highland,2026-01-01,,0
la_paz_el_alto,La Paz–El Alto,La Paz,highland,2026-01-01,,0
montero,Montero,Santa Cruz,lowland,2026-01-01,,0
oruro,Oruro,Oruro,highland,2026-01-01,,0
potosi,Potosí,Potosí,highland,2026-01-01,,0
santa_cruz,Santa Cruz,Santa Cruz,lowland,2026-01-01,,0
sucre,Sucre,Chuquisaca,highland,2026-01-01,,0
tarija,Tarija,Tarija,lowland,2026-01-01,,0
trinidad,Trinidad,Beni,lowland,2026-01-01,,0
yacuiba,Yacuiba,Tarija,lowland,2026-01-01,,0
cobija,Cobija,Pando,lowland,2026-01-02,,0
cochabamba,Cochabamba,Cochabamba,highland,2026-01-02,,0
la_paz_el_alto,La Paz–El Alto,La Paz,highland,2026-01-02,,0
montero,Montero,Santa Cruz,lowland,2026-01-02,,0
oruro,Oruro,Oruro,highland,2026-01-02,,0
potosi,Potosí,Potosí,highland,2026-01-02,,0
santa_cruz,Santa Cruz,Santa Cruz,lowland,2026-01-02,,0
sucre,Sucre,Chuquisaca,highland,2026-01-02,,0
tarija,Tarija,Tarija,lowland,2026-01-02,,0
trinidad,Trinidad,Beni,lowland,2026-01-02,,0
yacuiba,Yacuiba,Tarija,lowland,2026-01-02,,0
cobija,Cobija,Pando,lowland,2026-01-03,,0
cochabamba,Cochabamba,Cochabamba,highland,2026-01-03,,0
la_paz_el_alto,La Paz–El Alto,La Paz,highland,2026-01-03,,0
montero,Montero,Santa Cruz,lowland,2026-01-03,,0
oruro,Oruro,Oruro,highland,2026-01-03,,0
potosi,Potosí,Potosí,highland,2026-01-03,,0
santa_cruz,Santa Cruz,Santa Cruz,lowland,2026-01-03,,0
sucre,Sucre,Chuquisaca,highland,2026-01-03,,0
tarija,Tarija,Tarija,lowland,2026-01-03,,0
trinidad,Trinidad,Beni,lowland,2026-01-03,,0
yacuiba,Yacuiba,Tarija,lowland,2026-01-03,,0
cobija,Cobija,Pando,lowland,2026-01-04,,0
cochabamba,Cochabamba,Cochabamba,highland,2026-01-04,,0
la_paz_el_alto,La Paz–El Alto,La Paz,highland,2026-01-04,,0
montero,Montero,Santa Cruz,lowland,2026-01-04,,0
oruro,Oruro,Oruro,highland,2026-01-04,,0
potosi,Potosí,Potosí,highland,2026-01-04,,0
santa_cruz,Santa Cruz,Santa Cruz,lowland,2026-01-04,,0
sucre,Sucre,Chuquisaca,highland,2026-01-04,,0
tarija,Tarija,Tarija,lowland,2026-01-04,,0
trinidad,Trinidad,Beni,lowland,2026-01-04,,0
yacuiba,Yacuiba,Tarija,lowland,2026-01-04,,0
cobija,Cobija,Pando,lowland,2026-01-05,,0
cochabamba,Cochabamba,Cochabamba,highland,2026-01-05,,0
la_paz_el_alto,La Paz–El Alto,La Paz,highland,2026-01-05,,0
montero,Montero,Santa Cruz,lowland,2026-01-05,,0
oruro,Oruro,Oruro,highland,2026-01-05,,0
potosi,Potosí,Potosí,highland,2026-01-05,,0
santa_cruz,Santa Cruz,Santa Cruz,lowland,2026-01-05,,0
sucre,Sucre,Chuquisaca,highland,2026-01-05,,0
tarija,Tarija,Tarija,lowland,2026-01-05,,0
trinidad,Trinidad,Beni,lowland,2026-01-05,,0
yacuiba,Yacuiba,Tarija,lowland,2026-01-05,,0
cobija,Cobija,Pando,lowland,2026-01-06,,0
cochabamba,Cochabamba,Cochabamba,highland,2026-01-06,,0
la_paz_el_alto,La Paz–El Alto,La Paz,highland,2026-01-06,,0
montero,Montero,Santa Cruz,lowland,2026-01-06,,0
oruro,Oruro,Oruro,highland,2026-01-06,,0
potosi,Potosí,Potosí,highland,2026-01-06,,0
santa_cruz,Santa Cruz,Santa Cruz,lowland,2026-01-06,,0
sucre,Sucre,Chuquisaca,highland,2026-01-06,,0
tarija,Tarija,Tarija,lowland,2026-01-06,,0
trinidad,Trinidad,Beni,lowland,2026-01-06,,0
yacuiba,Yacuiba,Tarija,lowland,2026-01-06,,0
cobija,Cobija,Pando,lowland,2026-01-07,,0
cochabamba,Cochabamba,Cochabamba,highland,2026-01-07,,0
la_paz_el_alto,La Paz–El Alto,La Paz,highland,2026-01-07,,0
montero,Montero,Santa Cruz,lowland,2026-01-07,,0
oruro,Oruro,Oruro,highland,2026-01-07,,0
potosi,Potosí,Potosí,highland,2026-01-07,,0
santa_cruz,Santa Cruz,Santa Cruz,lowland,2026-01-07,,0
sucre,Sucre,Chuquisaca,highland,2026-01-07,,0
tarija,Tarija,Tarija,lowland,2026-01-07,,0
trinidad,Trinidad,Beni,lowland,2026-01-07,,0
yacuiba,Yacuiba,Tarija,lowland,2026-01-07,,0
cobija,Cobija,Pando,lowland,2026-01-08,,0
cochabamba,Cochabamba,Cochabamba,highland,2026-01-08,,0
la_paz_el_alto,La Paz–El Alto,La Paz,highland,2026-01-08,,0
montero,Montero,Santa Cruz,lowland,2026-01-08,,0
oruro,Oruro,Oruro,highland,2026-01-08,,0
potosi,Potosí,Potosí,highland,2026-01-08,,0
santa_cruz,Santa Cruz,Santa Cruz,lowland,2026-01-08,,0
sucre,Sucre,Chuquisaca,highland,2026-01-08,,0
tarija,Tarija,Tarija,lowland,2026-01-08,,0
trinidad,Trinidad,Beni,lowland,2026-01-08,,0
yacuiba,Yacuiba,Tarija,lowland,2026-01-08,,0
cobija,Cobija,Pando,lowland,2026-01-09,,0
cochabamba,Cochabamba,Cochabamba,highland,2026-01-09,,0
la_paz_el_alto,La Paz–El Alto,La Paz,highland,2026-01-09,,0
montero,Montero,Santa Cruz,lowland,2026-01-09,,0
oruro,Oruro,Oruro,highland,2026-01-09,,0
potosi,Potosí,Potosí,highland,2026-01-09,,0
santa_cruz,Santa Cruz,Santa Cruz,lowland,2026-01-09,,0
sucre,Sucre,Chuquisaca,highland,2026-01-09,,0
tarija,Tarija,Tarija,lowland,2026-01-09,,0
trinidad,Trinidad,Beni,lowland,2026-01-09,,0
yacuiba,Yacuiba,Tarija,lowland,2026-01-09,,0
cobija,Cobija,Pando,lowland,2026-01-10,,0
cochabamba,Cochabamba,Cochabamba,highland,2026-01-10,,0
la_paz_el_alto,La Paz–El Alto,La Paz,highland,2026-01-10,,0
montero,Montero,Santa Cruz,lowland,2026-01-10,,0
oruro,Oruro,Oruro,highland,2026-01-10,,0
potosi,Potosí,Potosí,highland,2026-01-10,,0
santa_cruz,Santa Cruz,Santa Cruz,lowland,2026-01-10,,0
sucre,Sucre,Chuquisaca,highland,2026-01-10,,0
tarija,Tarija,Tarija,lowland,2026-01-10,,0
trinidad,Trinidad,Beni,lowland,2026-01-10,,0
yacuiba,Yacuiba,Tarija,lowland,2026-01-10,,0
cobija,Cobija,Pando,lowland,2026-01-11,,0
cochabamba,Cochabamba,Cochabamba,highland,2026-01-11,,0
la_paz_el_alto,La Paz–El Alto,La Paz,highland,2026-01-11,,0
montero,Montero,Santa Cruz,lowland,2026-01-11,,0
oruro,Oruro,Oruro,highland,2026-01-11,,0
potosi,Potosí,Potosí,highland,2026-01-11,,0
santa_cruz,Santa Cruz,Santa Cruz,lowland,2026-01-11,,0
sucre,Sucre,Chuquisaca,highland,2026-01-11,,0
tarija,Tarija,Tarija,lowland,2026-01-11,,0
trinidad,Trinidad,Beni,lowland,2026-01-11,,0
yacuiba,Yacuiba,Tarija,lowland,2026-01-11,,0
cobija,Cobija,Pando,lowland,2026-01-12,,0
cochabamba,Cochabamba,Cochabamba,highland,2026-01-12,,0
la_paz_el_alto,La Paz–El Alto,La Paz,highland,2026-01-12,,0
montero,Montero,Santa Cruz,lowland,2026-01-12,,0
oruro,Oruro,Oruro,highland,2026-01-12,,0
potosi,Potosí,Potosí,highland,2026-01-12,,0
santa_cruz,Santa Cruz,Santa Cruz,lowland,2026-01-12,,0
sucre,Sucre,Chuquisaca,highland,2026-01-12,,0
tarija,Tarija,Tarija,lowland,2026-01-12,,0
trinidad,Trinidad,Beni,lowland,2026-01-12,,0
yacuiba,Yacuiba,Tarija,lowland,2026-01-12,,0
cobija,Cobija,Pando,lowland,2026-01-13,,0
cochabamba,Cochabamba,Cochabamba,highland,2026-01-13,,0
la_paz_el_alto,La Paz–El Alto,La Paz,highland,2026-01-13,,0
montero,Montero,Santa Cruz,lowland,2026-01-13,,0
oruro,Oruro,Oruro,highland,2026-01-13,,0
potosi,Potosí,Potosí,highland,2026-01-13,,0
santa_cruz,Santa Cruz,Santa Cruz,lowland,2026-01-13,,0
sucre,Sucre,Chuquisaca,highland,2026-01-13,,0
tarija,Tarija,Tarija,lowland,2026-01-13,,0
trinidad,Trinidad,Beni,lowland,2026-01-13,,0
yacuiba,Yacuiba,Tarija,lowland,2026-01-13,,0
cobija,Cobija,Pando,lowland,2026-01-14,,0
cochabamba,Cochabamba,Cochabamba,highland,2026-01-14,,0
la_paz_el_alto,La Paz–El Alto,La Paz,highland,2026-01-14,,0
montero,Montero,Santa Cruz,lowland,2026-01-14,,0
oruro,Oruro,Oruro,highland,2026-01-14,,0
potosi,Potosí,Potosí,highland,2026-01-14,,0
santa_cruz,Santa Cruz,Santa Cruz,lowland,2026-01-14,,0
sucre,Sucre,Chuquisaca,highland,2026-01-14,,0
tarija,Tarija,Tarija,lowland,2026-01-14,,0
trinidad,Trinidad,Beni,lowland,2026-01-14,,0
yacuiba,Yacuiba,Tarija,lowland,2026-01-14,,0
cobija,Cobija,Pando,lowland,2026-01-15,,0
cochabamba,Cochabamba,Cochabamba,highland,2026-01-15,,0
la_paz_el_alto,La Paz–El Alto,La Paz,highland,2026-01-15,,0
montero,Montero,Santa Cruz,lowland,2026-01-15,,0
oruro,Oruro,Oruro,highland,2026-01-15,,0
potosi,Potosí,Potosí,highland,2026-01-15,,0
santa_cruz,Santa Cruz,Santa Cruz,lowland,2026-01-15,,0
sucre,Sucre,Chuquisaca,highland,2026-01-15,,0
tarija,Tarija,Tarija,lowland,2026-01-15,,0
trinidad,Trinidad,Beni,lowland,2026-01-15,,0
yacuiba,Yacuiba,Tarija,lowland,2026-01-15,,0
cobija,Cobija,Pando,lowland,2026-01-16,,0
cochabamba,Cochabamba,Cochabamba,highland,2026-01-16,,0
la_paz_el_alto,La Paz–El Alto,La Paz,highland,2026-01-16,,0
montero,Montero,Santa Cruz,lowland,2026-01-16,,0
oruro,Oruro,Oruro,highland,2026-01-16,,0
potosi,Potosí,Potosí,highland,2026-01-16,,0
santa_cruz,Santa Cruz,Santa Cruz,lowland,2026-01-16,,0
sucre,Sucre,Chuquisaca,highland,2026-01-16,,0
tarija,Tarija,Tarija,lowland,2026-01-16,,0
trinidad,Trinidad,Beni,lowland,2026-01-16,,0
yacuiba,Yacuiba,Tarija,lowland,2026-01-16,,0
cobija,Cobija,Pando,lowland,2026-01-17,,0
cochabamba,Cochabamba,Cochabamba,highland,2026-01-17,,0
la_paz_el_alto,La Paz–El Alto,La Paz,highland,2026-01-17,,0
montero,Montero,Santa Cruz,lowland,2026-01-17,,0
oruro,Oruro,Oruro,highland,2026-01-17,,0
potosi,Potosí,Potosí,highland,2026-01-17,,0
santa_cruz,Santa Cruz,Santa Cruz,lowland,2026-01-17,,0
sucre,Sucre,Chuquisaca,highland,2026-01-17,,0
tarija,Tarija,Tarija,lowland,2026-01-17,,0
trinidad,Trinidad,Beni,lowland,2026-01-17,,0
yacuiba,Yacuiba,Tarija,lowland,2026-01-17,,0
cobija,Cobija,Pando,lowland,2026-01-18,,0
cochabamba,Cochabamba,Cochabamba,highland,2026-01-18,,0
la_paz_el_alto,La Paz–El Alto,La Paz,highland,2026-01-18,,0
montero,Montero,Santa Cruz,lowland,2026-01-18,,0
oruro,Oruro,Oruro,highland,2026-01-18,,0
potosi,Potosí,Potosí,highland,2026-01-18,,0
santa_cruz,Santa Cruz,Santa Cruz,lowland,2026-01-18,,0
sucre,Sucre,Chuquisaca,highland,2026-01-18,,0
tarija,Tarija,Tarija,lowland,2026-01-18,,0
trinidad,Trinidad,Beni,lowland,2026-01-18,,0
yacuiba,Yacuiba,Tarija,lowland,2026-01-18,,0
cobija,Cobija,Pando,lowland,2026-01-19,,0
cochabamba,Cochabamba,Cochabamba,highland,2026-01-19,,0
la_paz_el_alto,La Paz–El Alto,La Paz,highland,2026-01-19,,0
montero,Montero,Santa Cruz,lowland,2026-01-19,,0
oruro,Oruro,Oruro,highland,2026-01-19,,0
potosi,Potosí,Potosí,highland,2026-01-19,,0
santa_cruz,Santa Cruz,Santa Cruz,lowland,2026-01-19,,0
sucre,Sucre,Chuquisaca,highland,2026-01-19,,0
tarija,Tarija,Tarija,lowland,2026-01-19,,0
trinidad,Trinidad,Beni,lowland,2026-01-19,,0
yacuiba,Yacuiba,Tarija,lowland,2026-01-19,,0
cobija,Cobija,Pando,lowland,2026-01-20,,0
cochabamba,Cochabamba,Cochabamba,highland,2026-01-20,,0
la_paz_el_alto,La Paz–El Alto,La Paz,highland,2026-01-20,,0
montero,Montero,Santa Cruz,lowland,2026-01-20,,0
oruro,Oruro,Oruro,highland,2026-01-20,,0
potosi,Potosí,Potosí,highland,2026-01-20,,0
santa_cruz,Santa Cruz,Santa Cruz,lowland,2026-01-20,,0
sucre,Sucre,Chuquisaca,highland,2026-01-20,,0
tarija,Tarija,Tarija,lowland,2026-01-20,,0
trinidad,Trinidad,Beni,lowland,2026-01-20,,0
yacuiba,Yacuiba,Tarija,lowland,2026-01-20,,0
cobija,Cobija,Pando,lowland,2026-01-21,,0
cochabamba,Cochabamba,Cochabamba,highland,2026-01-21,,0
la_paz_el_alto,La Paz–El Alto,La Paz,highland,2026-01-21,,0
montero,Montero,Santa Cruz,lowland,2026-01-21,,0
oruro,Oruro,Oruro,highland,2026-01-21,,0
potosi,Potosí,Potosí,highland,2026-01-21,,0
santa_cruz,Santa Cruz,Santa Cruz,lowland,2026-01-21,,0
sucre,Sucre,Chuquisaca,highland,2026-01-21,,0
tarija,Tarija,Tarija,lowland,2026-01-21,,0
trinidad,Trinidad,Beni,lowland,2026-01-21,,0
yacuiba,Yacuiba,Tarija,lowland,2026-01-21,,0
cobija,Cobija,Pando,lowland,2026-01-22,,0
cochabamba,Cochabamba,Cochabamba,highland,2026-01-22,,0
la_paz_el_alto,La Paz–El Alto,La Paz,highland,2026-01-22,,0
montero,Montero,Santa Cruz,lowland,2026-01-22,,0
oruro,Oruro,Oruro,highland,2026-01-22,,0
potosi,Potosí,Potosí,highland,2026-01-22,,0
santa_cruz,Santa Cruz,Santa Cruz,lowland,2026-01-22,,0
sucre,Sucre,Chuquisaca,highland,2026-01-22,,0
tarija,Tarija,Tarija,lowland,2026-01-22,,0
trinidad,Trinidad,Beni,lowland,2026-01-22,,0
yacuiba,Yacuiba,Tarija,lowland,2026-01-22,,0
cobija,Cobija,Pando,lowland,2026-01-23,,0
cochabamba,Cochabamba,Cochabamba,highland,2026-01-23,,0
la_paz_el_alto,La Paz–El Alto,La Paz,highland,2026-01-23,,0
montero,Montero,Santa Cruz,lowland,2026-01-23,,0
oruro,Oruro,Oruro,highland,2026-01-23,,0
potosi,Potosí,Potosí,highland,2026-01-23,,0
santa_cruz,Santa Cruz,Santa Cruz,lowland,2026-01-23,,0
sucre,Sucre,Chuquisaca,highland,2026-01-23,,0
tarija,Tarija,Tarija,lowland,2026-01-23,,0
trinidad,Trinidad,Beni,lowland,2026-01-23,,0
yacuiba,Yacuiba,Tarija,lowland,2026-01-23,,0
cobija,Cobija,Pando,lowland,2026-01-24,,0
cochabamba,Cochabamba,Cochabamba,highland,2026-01-24,,0
la_paz_el_alto,La Paz–El Alto,La Paz,highland,2026-01-24,,0
montero,Montero,Santa Cruz,lowland,2026-01-24,,0
oruro,Oruro,Oruro,highland,2026-01-24,,0
potosi,Potosí,Potosí,highland,2026-01-24,,0
santa_cruz,Santa Cruz,Santa Cruz,lowland,2026-01-24,,0
sucre,Sucre,Chuquisaca,highland,2026-01-24,,0
tarija,Tarija,Tarija,lowland,2026-01-24,,0
trinidad,Trinidad,Beni,lowland,2026-01-24,,0
yacuiba,Yacuiba,Tarija,lowland,2026-01-24,,0
cobija,Cobija,Pando,lowland,2026-01-25,,0
cochabamba,Cochabamba,Cochabamba,highland,2026-01-25,,0
la_paz_el_alto,La Paz–El Alto,La Paz,highland,2026-01-25,,0
montero,Montero,Santa Cruz,lowland,2026-01-25,,0
oruro,Oruro,Oruro,highland,2026-01-25,,0
potosi,Potosí,Potosí,highland,2026-01-25,,0
santa_cruz,Santa Cruz,Santa Cruz,lowland,2026-01-25,,0
sucre,Sucre,Chuquisaca,highland,2026-01-25,,0
tarija,Tarija,Tarija,lowland,2026-01-25,,0
trinidad,Trinidad,Beni,lowland,2026-01-25,,0
yacuiba,Yacuiba,Tarija,lowland,2026-01-25,,0
cobija,Cobija,Pando,lowland,2026-01-26,,0
cochabamba,Cochabamba,Cochabamba,highland,2026-01-26,,0
la_paz_el_alto,La Paz–El Alto,La Paz,highland,2026-01-26,,0
montero,Montero,Santa Cruz,lowland,2026-01-26,,0
oruro,Oruro,Oruro,highland,2026-01-26,,0
potosi,Potosí,Potosí,highland,2026-01-26,,0
santa_cruz,Santa Cruz,Santa Cruz,lowland,2026-01-26,,0
sucre,Sucre,Chuquisaca,highland,2026-01-26,,0
tarija,Tarija,Tarija,lowland,2026-01-26,,0
trinidad,Trinidad,Beni,lowland,2026-01-26,,0
yacuiba,Yacuiba,Tarija,lowland,2026-01-26,,0
cobija,Cobija,Pando,lowland,2026-01-27,,0
cochabamba,Cochabamba,Cochabamba,highland,2026-01-27,,0
la_paz_el_alto,La Paz–El Alto,La Paz,highland,2026-01-27,,0
montero,Montero,Santa Cruz,lowland,2026-01-27,,0
oruro,Oruro,Oruro,highland,2026-01-27,,0
potosi,Potosí,Potosí,highland,2026-01-27,,0
santa_cruz,Santa Cruz,Santa Cruz,lowland,2026-01-27,,0
sucre,Sucre,Chuquisaca,highland,2026-01-27,,0
tarija,Tarija,Tarija,lowland,2026-01-27,,0
trinidad,Trinidad,Beni,lowland,2026-01-27,,0
yacuiba,Yacuiba,Tarija,lowland,2026-01-27,,0
cobija,Cobija,Pando,lowland,2026-01-28,,0
cochabamba,Cochabamba,Cochabamba,highland,2026-01-28,,0
la_paz_el_alto,La Paz–El Alto,La Paz,highland,2026-01-28,,0
montero,Montero,Santa Cruz,lowland,2026-01-28,,0
oruro,Oruro,Oruro,highland,2026-01-28,,0
potosi,Potosí,Potosí,highland,2026-01-28,,0
santa_cruz,Santa Cruz,Santa Cruz,lowland,2026-01-28,,0
sucre,Sucre,Chuquisaca,highland,2026-01-28,,0
tarija,Tarija,Tarija,lowland,2026-01-28,,0
trinidad,Trinidad,Beni,lowland,2026-01-28,,0
yacuiba,Yacuiba,Tarija,lowland,2026-01-28,,0
cobija,Cobija,Pando,lowland,2026-01-29,,0
cochabamba,Cochabamba,Cochabamba,highland,2026-01-29,,0
la_paz_el_alto,La Paz–El Alto,La Paz,highland,2026-01-29,,0
montero,Montero,Santa Cruz,lowland,2026-01-29,,0
oruro,Oruro,Oruro,highland,2026-01-29,,0
potosi,Potosí,Potosí,highland,2026-01-29,,0
santa_cruz,Santa Cruz,Santa Cruz,lowland,2026-01-29,,0
sucre,Sucre,Chuquisaca,highland,2026-01-29,,0
tarija,Tarija,Tarija,lowland,2026-01-29,,0
trinidad,Trinidad,Beni,lowland,2026-01-29,,0
yacuiba,Yacuiba,Tarija,lowland,2026-01-29,,0
cobija,Cobija,Pando,lowland,2026-01-30,,0
cochabamba,Cochabamba,Cochabamba,highland,2026-01-30,,0
la_paz_el_alto,La Paz–El Alto,La Paz,highland,2026-01-30,,0
montero,Montero,Santa Cruz,lowland,2026-01-30,,0
oruro,Oruro,Oruro,highland,2026-01-30,,0
potosi,Potosí,Potosí,highland,2026-01-30,,0
santa_cruz,Santa Cruz,Santa Cruz,lowland,2026-01-30,,0
sucre,Sucre,Chuquisaca,highland,2026-01-30,,0
tarija,Tarija,Tarija,lowland,2026-01-30,,0
trinidad,Trinidad,Beni,lowland,2026-01-30,,0
yacuiba,Yacuiba,Tarija,lowland,2026-01-30,,0
cobija,Cobija,Pando,lowland,2026-01-31,,0
cochabamba,Cochabamba,Cochabamba,highland,2026-01-31,,0
la_paz_el_alto,La Paz–El Alto,La Paz,highland,2026-01-31,,0
montero,Montero,Santa Cruz,lowland,2026-01-31,,0
oruro,Oruro,Oruro,highland,2026-01-31,,0
potosi,Potosí,Potosí,highland,2026-01-31,,0
santa_cruz,Santa Cruz,Santa Cruz,lowland,2026-01-31,,0
sucre,Sucre,Chuquisaca,highland,2026-01-31,,0
tarija,Tarija,Tarija,lowland,2026-01-31,,0
trinidad,Trinidad,Beni,lowland,2026-01-31,,0
yacuiba,Yacuiba,Tarija,lowland,2026-01-31,,0
cobija,Cobija,Pando,lowland,2026-02-01,,0
cochabamba,Cochabamba,Cochabamba,highland,2026-02-01,,0
la_paz_el_alto,La Paz–El Alto,La Paz,highland,2026-02-01,,0
montero,Montero,Santa Cruz,lowland,2026-02-01,,0
oruro,Oruro,Oruro,highland,2026-02-01,,0
potosi,Potosí,Potosí,highland,2026-02-01,,0
santa_cruz,Santa Cruz,Santa Cruz,lowland,2026-02-01,,0
sucre,Sucre,Chuquisaca,highland,2026-02-01,,0
tarija,Tarija,Tarija,lowland,2026-02-01,,0
trinidad,Trinidad,Beni,lowland,2026-02-01,,0
yacuiba,Yacuiba,Tarija,lowland,2026-02-01,,0
cobija,Cobija,Pando,lowland,2026-02-02,,0
cochabamba,Cochabamba,Cochabamba,highland,2026-02-02,,0
la_paz_el_alto,La Paz–El Alto,La Paz,highland,2026-02-02,,0
montero,Montero,Santa Cruz,lowland,2026-02-02,,0
oruro,Oruro,Oruro,highland,2026-02-02,,0
potosi,Potosí,Potosí,highland,2026-02-02,,0
santa_cruz,Santa Cruz,Santa Cruz,lowland,2026-02-02,,0
sucre,Sucre,Chuquisaca,highland,2026-02-02,,0
tarija,Tarija,Tarija,lowland,2026-02-02,,0
trinidad,Trinidad,Beni,lowland,2026-02-02,,0
yacuiba,Yacuiba,Tarija,lowland,2026-02-02,,0
cobija,Cobija,Pando,lowland,2026-02-03,,0
cochabamba,Cochabamba,Cochabamba,highland,2026-02-03,,0
la_paz_el_alto,La Paz–El Alto,La Paz,highland,2026-02-03,,0
montero,Montero,Santa Cruz,lowland,2026-02-03,,0
oruro,Oruro,Oruro,highland,2026-02-03,,0
potosi,Potosí,Potosí,highland,2026-02-03,,0
santa_cruz,Santa Cruz,Santa Cruz,lowland,2026-02-03,,0
sucre,Sucre,Chuquisaca,highland,2026-02-03,,0
tarija,Tarija,Tarija,lowland,2026-02-03,,0
trinidad,Trinidad,Beni,lowland,2026-02-03,,0
yacuiba,Yacuiba,Tarija,lowland,2026-02-03,,0
cobija,Cobija,Pando,lowland,2026-02-04,,0
cochabamba,Cochabamba,Cochabamba,highland,2026-02-04,,0
la_paz_el_alto,La Paz–El Alto,La Paz,highland,2026-02-04,,0
montero,Montero,Santa Cruz,lowland,2026-02-04,,0
oruro,Oruro,Oruro,highland,2026-02-04,,0
potosi,Potosí,Potosí,highland,2026-02-04,,0
santa_cruz,Santa Cruz,Santa Cruz,lowland,2026-02-04,,0
sucre,Sucre,Chuquisaca,highland,2026-02-04,,0
tarija,Tarija,Tarija,lowland,2026-02-04,,0
trinidad,Trinidad,Beni,lowland,2026-02-04,,0
yacuiba,Yacuiba,Tarija,lowland,2026-02-04,,0
cobija,Cobija,Pando,lowland,2026-02-05,,0
cochabamba,Cochabamba,Cochabamba,highland,2026-02-05,,0
la_paz_el_alto,La Paz–El Alto,La Paz,highland,2026-02-05,,0
montero,Montero,Santa Cruz,lowland,2026-02-05,,0
oruro,Oruro,Oruro,highland,2026-02-05,,0
potosi,Potosí,Potosí,highland,2026-02-05,,0
santa_cruz,Santa Cruz,Santa Cruz,lowland,2026-02-05,,0
sucre,Sucre,Chuquisaca,highland,2026-02-05,,0
tarija,Tarija,Tarija,lowland,2026-02-05,,0
trinidad,Trinidad,Beni,lowland,2026-02-05,,0
yacuiba,Yacuiba,Tarija,lowland,2026-02-05,,0
cobija,Cobija,Pando,lowland,2026-02-06,,0
cochabamba,Cochabamba,Cochabamba,highland,2026-02-06,,0
la_paz_el_alto,La Paz–El Alto,La Paz,highland,2026-02-06,,0
montero,Montero,Santa Cruz,lowland,2026-02-06,,0
oruro,Oruro,Oruro,highland,2026-02-06,,0
potosi,Potosí,Potosí,highland,2026-02-06,,0
santa_cruz,Santa Cruz,Santa Cruz,lowland,2026-02-06,,0
sucre,Sucre,Chuquisaca,highland,2026-02-06,,0
tarija,Tarija,Tarija,lowland,2026-02-06,,0
trinidad,Trinidad,Beni,lowland,2026-02-06,,0
yacuiba,Yacuiba,Tarija,lowland,2026-02-06,,0
cobija,Cobija,Pando,lowland,2026-02-07,,0
cochabamba,Cochabamba,Cochabamba,highland,2026-02-07,,0
la_paz_el_alto,La Paz–El Alto,La Paz,highland,2026-02-07,,0
montero,Montero,Santa Cruz,lowland,2026-02-07,,0
oruro,Oruro,Oruro,highland,2026-02-07,,0
potosi,Potosí,Potosí,highland,2026-02-07,,0
santa_cruz,Santa Cruz,Santa Cruz,lowland,2026-02-07,,0
sucre,Sucre,Chuquisaca,highland,2026-02-07,,0
tarija,Tarija,Tarija,lowland,2026-02-07,,0
trinidad,Trinidad,Beni,lowland,2026-02-07,,0
yacuiba,Yacuiba,Tarija,lowland,2026-02-07,,0
cobija,Cobija,Pando,lowland,2026-02-08,,0
cochabamba,Cochabamba,Cochabamba,highland,2026-02-08,,0
la_paz_el_alto,La Paz–El Alto,La Paz,highland,2026-02-08,,0
montero,Montero,Santa Cruz,lowland,2026-02-08,,0
oruro,Oruro,Oruro,highland,2026-02-08,,0
potosi,Potosí,Potosí,highland,2026-02-08,,0
santa_cruz,Santa Cruz,Santa Cruz,lowland,2026-02-08,,0
sucre,Sucre,Chuquisaca,highland,2026-02-08,,0
tarija,Tarija,Tarija,lowland,2026-02-08,,0
trinidad,Trinidad,Beni,lowland,2026-02-08,,0
yacuiba,Yacuiba,Tarija,lowland,2026-02-08,,0
cobija,Cobija,Pando,lowland,2026-02-09,,0
cochabamba,Cochabamba,Cochabamba,highland,2026-02-09,,0
la_paz_el_alto,La Paz–El Alto,La Paz,highland,2026-02-09,,0
montero,Montero,Santa Cruz,lowland,2026-02-09,,0
oruro,Oruro,Oruro,highland,2026-02-09,,0
potosi,Potosí,Potosí,highland,2026-02-09,,0
santa_cruz,Santa Cruz,Santa Cruz,lowland,2026-02-09,,0
sucre,Sucre,Chuquisaca,highland,2026-02-09,,0
tarija,Tarija,Tarija,lowland,2026-02-09,,0
trinidad,Trinidad,Beni,lowland,2026-02-09,,0
yacuiba,Yacuiba,Tarija,lowland,2026-02-09,,0
cobija,Cobija,Pando,lowland,2026-02-10,,0
cochabamba,Cochabamba,Cochabamba,highland,2026-02-10,,0
la_paz_el_alto,La Paz–El Alto,La Paz,highland,2026-02-10,,0
montero,Montero,Santa Cruz,lowland,2026-02-10,,0
oruro,Oruro,Oruro,highland,2026-02-10,,0
potosi,Potosí,Potosí,highland,2026-02-10,,0
santa_cruz,Santa Cruz,Santa Cruz,lowland,2026-02-10,,0
sucre,Sucre,Chuquisaca,highland,2026-02-10,,0
tarija,Tarija,Tarija,lowland,2026-02-10,,0
trinidad,Trinidad,Beni,lowland,2026-02-10,,0
yacuiba,Yacuiba,Tarija,lowland,2026-02-10,,0
cobija,Cobija,Pando,lowland,2026-02-11,,0
cochabamba,Cochabamba,Cochabamba,highland,2026-02-11,,0
la_paz_el_alto,La Paz–El Alto,La Paz,highland,2026-02-11,,0
montero,Montero,Santa Cruz,lowland,2026-02-11,,0
oruro,Oruro,Oruro,highland,2026-02-11,,0
potosi,Potosí,Potosí,highland,2026-02-11,,0
santa_cruz,Santa Cruz,Santa Cruz,lowland,2026-02-11,,0
sucre,Sucre,Chuquisaca,highland,2026-02-11,,0
tarija,Tarija,Tarija,lowland,2026-02-11,,0
trinidad,Trinidad,Beni,lowland,2026-02-11,,0
yacuiba,Yacuiba,Tarija,lowland,2026-02-11,,0
cobija,Cobija,Pando,lowland,2026-02-12,,0
cochabamba,Cochabamba,Cochabamba,highland,2026-02-12,,0
la_paz_el_alto,La Paz–El Alto,La Paz,highland,2026-02-12,,0
montero,Montero,Santa Cruz,lowland,2026-02-12,,0
oruro,Oruro,Oruro,highland,2026-02-12,,0
potosi,Potosí,Potosí,highland,2026-02-12,,0
santa_cruz,Santa Cruz,Santa Cruz,lowland,2026-02-12,,0
sucre,Sucre,Chuquisaca,highland,2026-02-12,,0
tarija,Tarija,Tarija,lowland,2026-02-12,,0
trinidad,Trinidad,Beni,lowland,2026-02-12,,0
yacuiba,Yacuiba,Tarija,lowland,2026-02-12,,0
cobija,Cobija,Pando,lowland,2026-02-13,,0
cochabamba,Cochabamba,Cochabamba,highland,2026-02-13,,0
la_paz_el_alto,La Paz–El Alto,La Paz,highland,2026-02-13,,0
montero,Montero,Santa Cruz,lowland,2026-02-13,,0
oruro,Oruro,Oruro,highland,2026-02-13,,0
potosi,Potosí,Potosí,highland,2026-02-13,,0
santa_cruz,Santa Cruz,Santa Cruz,lowland,2026-02-13,,0
sucre,Sucre,Chuquisaca,highland,2026-02-13,,0
tarija,Tarija,Tarija,lowland,2026-02-13,,0
trinidad,Trinidad,Beni,lowland,2026-02-13,,0
yacuiba,Yacuiba,Tarija,lowland,2026-02-13,,0
cobija,Cobija,Pando,lowland,2026-02-14,,0
cochabamba,Cochabamba,Cochabamba,highland,2026-02-14,,0
la_paz_el_alto,La Paz–El Alto,La Paz,highland,2026-02-14,,0
montero,Montero,Santa Cruz,lowland,2026-02-14,,0
oruro,Oruro,Oruro,highland,2026-02-14,,0
potosi,Potosí,Potosí,highland,2026-02-14,,0
santa_cruz,Santa Cruz,Santa Cruz,lowland,2026-02-14,,0
sucre,Sucre,Chuquisaca,highland,2026-02-14,,0
tarija,Tarija,Tarija,lowland,2026-02-14,,0
trinidad,Trinidad,Beni,lowland,2026-02-14,,0
yacuiba,Yacuiba,Tarija,lowland,2026-02-14,,0
cobija,Cobija,Pando,lowland,2026-02-15,,0
cochabamba,Cochabamba,Cochabamba,highland,2026-02-15,,0
la_paz_el_alto,La Paz–El Alto,La Paz,highland,2026-02-15,,0
montero,Montero,Santa Cruz,lowland,2026-02-15,,0
oruro,Oruro,Oruro,highland,2026-02-15,,0
potosi,Potosí,Potosí,highland,2026-02-15,,0
santa_cruz,Santa Cruz,Santa Cruz,lowland,2026-02-15,,0
sucre,Sucre,Chuquisaca,highland,2026-02-15,,0
tarija,Tarija,Tarija,lowland,2026-02-15,,0
trinidad,Trinidad,Beni,lowland,2026-02-15,,0
yacuiba,Yacuiba,Tarija,lowland,2026-02-15,,0
cobija,Cobija,Pando,lowland,2026-02-16,,0
cochabamba,Cochabamba,Cochabamba,highland,2026-02-16,,0
la_paz_el_alto,La Paz–El Alto,La Paz,highland,2026-02-16,,0
montero,Montero,Santa Cruz,lowland,2026-02-16,,0
oruro,Oruro,Oruro,highland,2026-02-16,,0
potosi,Potosí,Potosí,highland,2026-02-16,,0
santa_cruz,Santa Cruz,Santa Cruz,lowland,2026-02-16,,0
sucre,Sucre,Chuquisaca,highland,2026-02-16,,0
tarija,Tarija,Tarija,lowland,2026-02-16,,0
trinidad,Trinidad,Beni,lowland,2026-02-16,,0
yacuiba,Yacuiba,Tarija,lowland,2026-02-16,,0
cobija,Cobija,Pando,lowland,2026-02-17,,0
cochabamba,Cochabamba,Cochabamba,highland,2026-02-17,,0
la_paz_el_alto,La Paz–El Alto,La Paz,highland,2026-02-17,,0
montero,Montero,Santa Cruz,lowland,2026-02-17,,0
oruro,Oruro,Oruro,highland,2026-02-17,,0
potosi,Potosí,Potosí,highland,2026-02-17,,0
santa_cruz,Santa Cruz,Santa Cruz,lowland,2026-02-17,,0
sucre,Sucre,Chuquisaca,highland,2026-02-17,,0
tarija,Tarija,Tarija,lowland,2026-02-17,,0
trinidad,Trinidad,Beni,lowland,2026-02-17,,0
yacuiba,Yacuiba,Tarija,lowland,2026-02-17,,0
cobija,Cobija,Pando,lowland,2026-02-18,,0
cochabamba,Cochabamba,Cochabamba,highland,2026-02-18,,0
la_paz_el_alto,La Paz–El Alto,La Paz,highland,2026-02-18,,0
montero,Montero,Santa Cruz,lowland,2026-02-18,,0
oruro,Oruro,Oruro,highland,2026-02-18,,0
potosi,Potosí,Potosí,highland,2026-02-18,,0
santa_cruz,Santa Cruz,Santa Cruz,lowland,2026-02-18,,0
sucre,Sucre,Chuquisaca,highland,2026-02-18,,0
tarija,Tarija,Tarija,lowland,2026-02-18,,0
trinidad,Trinidad,Beni,lowland,2026-02-18,,0
yacuiba,Yacuiba,Tarija,lowland,2026-02-18,,0
cobija,Cobija,Pando,lowland,2026-02-19,,0
cochabamba,Cochabamba,Cochabamba,highland,2026-02-19,,0
la_paz_el_alto,La Paz–El Alto,La Paz,highland,2026-02-19,,0
montero,Montero,Santa Cruz,lowland,2026-02-19,,0
oruro,Oruro,Oruro,highland,2026-02-19,,0
potosi,Potosí,Potosí,highland,2026-02-19,,0
santa_cruz,Santa Cruz,Santa Cruz,lowland,2026-02-19,,0
sucre,Sucre,Chuquisaca,highland,2026-02-19,,0
tarija,Tarija,Tarija,lowland,2026-02-19,,0
trinidad,Trinidad,Beni,lowland,2026-02-19,,0
yacuiba,Yacuiba,Tarija,lowland,2026-02-19,,0
cobija,Cobija,Pando,lowland,2026-02-20,,0
cochabamba,Cochabamba,Cochabamba,highland,2026-02-20,,0
la_paz_el_alto,La Paz–El Alto,La Paz,highland,2026-02-20,,0
montero,Montero,Santa Cruz,lowland,2026-02-20,,0
oruro,Oruro,Oruro,highland,2026-02-20,,0
potosi,Potosí,Potosí,highland,2026-02-20,,0
santa_cruz,Santa Cruz,Santa Cruz,lowland,2026-02-20,,0
sucre,Sucre,Chuquisaca,highland,2026-02-20,,0
tarija,Tarija,Tarija,lowland,2026-02-20,,0
trinidad,Trinidad,Beni,lowland,2026-02-20,,0
yacuiba,Yacuiba,Tarija,lowland,2026-02-20,,0
cobija,Cobija,Pando,lowland,2026-02-21,,0
cochabamba,Cochabamba,Cochabamba,highland,2026-02-21,,0
la_paz_el_alto,La Paz–El Alto,La Paz,highland,2026-02-21,,0
montero,Montero,Santa Cruz,lowland,2026-02-21,,0
oruro,Oruro,Oruro,highland,2026-02-21,,0
potosi,Potosí,Potosí,highland,2026-02-21,,0
santa_cruz,Santa Cruz,Santa Cruz,lowland,2026-02-21,,0
sucre,Sucre,Chuquisaca,highland,2026-02-21,,0
tarija,Tarija,Tarija,lowland,2026-02-21,,0
trinidad,Trinidad,Beni,lowland,2026-02-21,,0
yacuiba,Yacuiba,Tarija,lowland,2026-02-21,,0
cobija,Cobija,Pando,lowland,2026-02-22,,0
cochabamba,Cochabamba,Cochabamba,highland,2026-02-22,,0
la_paz_el_alto,La Paz–El Alto,La Paz,highland,2026-02-22,,0
montero,Montero,Santa Cruz,lowland,2026-02-22,,0
oruro,Oruro,Oruro,highland,2026-02-22,,0
potosi,Potosí,Potosí,highland,2026-02-22,,0
santa_cruz,Santa Cruz,Santa Cruz,lowland,2026-02-22,,0
sucre,Sucre,Chuquisaca,highland,2026-02-22,,0
tarija,Tarija,Tarija,lowland,2026-02-22,,0
trinidad,Trinidad,Beni,lowland,2026-02-22,,0
yacuiba,Yacuiba,Tarija,lowland,2026-02-22,,0
cobija,Cobija,Pando,lowland,2026-02-23,,0
cochabamba,Cochabamba,Cochabamba,highland,2026-02-23,,0
la_paz_el_alto,La Paz–El Alto,La Paz,highland,2026-02-23,,0
montero,Montero,Santa Cruz,lowland,2026-02-23,,0
oruro,Oruro,Oruro,highland,2026-02-23,,0
potosi,Potosí,Potosí,highland,2026-02-23,,0
santa_cruz,Santa Cruz,Santa Cruz,lowland,2026-02-23,,0
sucre,Sucre,Chuquisaca,highland,2026-02-23,,0
tarija,Tarija,Tarija,lowland,2026-02-23,,0
trinidad,Trinidad,Beni,lowland,2026-02-23,,0
yacuiba,Yacuiba,Tarija,lowland,2026-02-23,,0
cobija,Cobija,Pando,lowland,2026-02-24,,0
cochabamba,Cochabamba,Cochabamba,highland,2026-02-24,,0
la_paz_el_alto,La Paz–El Alto,La Paz,highland,2026-02-24,,0
montero,Montero,Santa Cruz,lowland,2026-02-24,,0
oruro,Oruro,Oruro,highland,2026-02-24,,0
potosi,Potosí,Potosí,highland,2026-02-24,,0
santa_cruz,Santa Cruz,Santa Cruz,lowland,2026-02-24,,0
sucre,Sucre,Chuquisaca,highland,2026-02-24,,0
tarija,Tarija,Tarija,lowland,2026-02-24,,0
trinidad,Trinidad,Beni,lowland,2026-02-24,,0
yacuiba,Yacuiba,Tarija,lowland,2026-02-24,,0
cobija,Cobija,Pando,lowland,2026-02-25,,0
cochabamba,Cochabamba,Cochabamba,highland,2026-02-25,,0
la_paz_el_alto,La Paz–El Alto,La Paz,highland,2026-02-25,,0
montero,Montero,Santa Cruz,lowland,2026-02-25,,0
oruro,Oruro,Oruro,highland,2026-02-25,,0
potosi,Potosí,Potosí,highland,2026-02-25,,0
santa_cruz,Santa Cruz,Santa Cruz,lowland,2026-02-25,,0
sucre,Sucre,Chuquisaca,highland,2026-02-25,,0
tarija,Tarija,Tarija,lowland,2026-02-25,,0
trinidad,Trinidad,Beni,lowland,2026-02-25,,0
yacuiba,Yacuiba,Tarija,lowland,2026-02-25,,0
cobija,Cobija,Pando,lowland,2026-02-26,,0
cochabamba,Cochabamba,Cochabamba,highland,2026-02-26,,0
la_paz_el_alto,La Paz–El Alto,La Paz,highland,2026-02-26,,0
montero,Montero,Santa Cruz,lowland,2026-02-26,,0
oruro,Oruro,Oruro,highland,2026-02-26,,0
potosi,Potosí,Potosí,highland,2026-02-26,,0
santa_cruz,Santa Cruz,Santa Cruz,lowland,2026-02-26,,0
sucre,Sucre,Chuquisaca,highland,2026-02-26,,0
tarija,Tarija,Tarija,lowland,2026-02-26,,0
trinidad,Trinidad,Beni,lowland,2026-02-26,,0
yacuiba,Yacuiba,Tarija,lowland,2026-02-26,,0
cobija,Cobija,Pando,lowland,2026-02-27,,0
cochabamba,Cochabamba,Cochabamba,highland,2026-02-27,,0
la_paz_el_alto,La Paz–El Alto,La Paz,highland,2026-02-27,,0
montero,Montero,Santa Cruz,lowland,2026-02-27,,0
oruro,Oruro,Oruro,highland,2026-02-27,,0
potosi,Potosí,Potosí,highland,2026-02-27,,0
santa_cruz,Santa Cruz,Santa Cruz,lowland,2026-02-27,,0
sucre,Sucre,Chuquisaca,highland,2026-02-27,,0
tarija,Tarija,Tarija,lowland,2026-02-27,,0
trinidad,Trinidad,Beni,lowland,2026-02-27,,0
yacuiba,Yacuiba,Tarija,lowland,2026-02-27,,0
cobija,Cobija,Pando,lowland,2026-02-28,,0
cochabamba,Cochabamba,Cochabamba,highland,2026-02-28,,0
la_paz_el_alto,La Paz–El Alto,La Paz,highland,2026-02-28,,0
montero,Montero,Santa Cruz,lowland,2026-02-28,,0
oruro,Oruro,Oruro,highland,2026-02-28,,0
potosi,Potosí,Potosí,highland,2026-02-28,,0
santa_cruz,Santa Cruz,Santa Cruz,lowland,2026-02-28,,0
sucre,Sucre,Chuquisaca,highland,2026-02-28,,0
tarija,Tarija,Tarija,lowland,2026-02-28,,0
trinidad,Trinidad,Beni,lowland,2026-02-28,,0
yacuiba,Yacuiba,Tarija,lowland,2026-02-28,,0
cobija,Cobija,Pando,lowland,2026-03-01,,0
cochabamba,Cochabamba,Cochabamba,highland,2026-03-01,,0
la_paz_el_alto,La Paz–El Alto,La Paz,highland,2026-03-01,,0
montero,Montero,Santa Cruz,lowland,2026-03-01,,0
oruro,Oruro,Oruro,highland,2026-03-01,,0
potosi,Potosí,Potosí,highland,2026-03-01,,0
santa_cruz,Santa Cruz,Santa Cruz,lowland,2026-03-01,,0
sucre,Sucre,Chuquisaca,highland,2026-03-01,,0
tarija,Tarija,Tarija,lowland,2026-03-01,,0
trinidad,Trinidad,Beni,lowland,2026-03-01,,0
yacuiba,Yacuiba,Tarija,lowland,2026-03-01,,0
cobija,Cobija,Pando,lowland,2026-03-02,,0
cochabamba,Cochabamba,Cochabamba,highland,2026-03-02,,0
la_paz_el_alto,La Paz–El Alto,La Paz,highland,2026-03-02,,0
montero,Montero,Santa Cruz,lowland,2026-03-02,,0
oruro,Oruro,Oruro,highland,2026-03-02,,0
potosi,Potosí,Potosí,highland,2026-03-02,,0
santa_cruz,Santa Cruz,Santa Cruz,lowland,2026-03-02,,0
sucre,Sucre,Chuquisaca,highland,2026-03-02,,0
tarija,Tarija,Tarija,lowland,2026-03-02,,0
trinidad,Trinidad,Beni,lowland,2026-03-02,,0
yacuiba,Yacuiba,Tarija,lowland,2026-03-02,,0
cobija,Cobija,Pando,lowland,2026-03-03,,0
cochabamba,Cochabamba,Cochabamba,highland,2026-03-03,,0
la_paz_el_alto,La Paz–El Alto,La Paz,highland,2026-03-03,,0
montero,Montero,Santa Cruz,lowland,2026-03-03,,0
oruro,Oruro,Oruro,highland,2026-03-03,,0
potosi,Potosí,Potosí,highland,2026-03-03,,0
santa_cruz,Santa Cruz,Santa Cruz,lowland,2026-03-03,,0
sucre,Sucre,Chuquisaca,highland,2026-03-03,,0
tarija,Tarija,Tarija,lowland,2026-03-03,,0
trinidad,Trinidad,Beni,lowland,2026-03-03,,0
yacuiba,Yacuiba,Tarija,lowland,2026-03-03,,0
cobija,Cobija,Pando,lowland,2026-03-04,,0
cochabamba,Cochabamba,Cochabamba,highland,2026-03-04,,0
la_paz_el_alto,La Paz–El Alto,La Paz,highland,2026-03-04,,0
montero,Montero,Santa Cruz,lowland,2026-03-04,,0
oruro,Oruro,Oruro,highland,2026-03-04,,0
potosi,Potosí,Potosí,highland,2026-03-04,,0
santa_cruz,Santa Cruz,Santa Cruz,lowland,2026-03-04,,0
sucre,Sucre,Chuquisaca,highland,2026-03-04,,0
tarija,Tarija,Tarija,lowland,2026-03-04,,0
trinidad,Trinidad,Beni,lowland,2026-03-04,,0
yacuiba,Yacuiba,Tarija,lowland,2026-03-04,,0
cobija,Cobija,Pando,lowland,2026-03-05,,0
cochabamba,Cochabamba,Cochabamba,highland,2026-03-05,,0
la_paz_el_alto,La Paz–El Alto,La Paz,highland,2026-03-05,,0
montero,Montero,Santa Cruz,lowland,2026-03-05,,0
oruro,Oruro,Oruro,highland,2026-03-05,,0
potosi,Potosí,Potosí,highland,2026-03-05,,0
santa_cruz,Santa Cruz,Santa Cruz,lowland,2026-03-05,,0
sucre,Sucre,Chuquisaca,highland,2026-03-05,,0
tarija,Tarija,Tarija,lowland,2026-03-05,,0
trinidad,Trinidad,Beni,lowland,2026-03-05,,0
yacuiba,Yacuiba,Tarija,lowland,2026-03-05,,0
cobija,Cobija,Pando,lowland,2026-03-06,,0
cochabamba,Cochabamba,Cochabamba,highland,2026-03-06,,0
la_paz_el_alto,La Paz–El Alto,La Paz,highland,2026-03-06,,0
montero,Montero,Santa Cruz,lowland,2026-03-06,,0
oruro,Oruro,Oruro,highland,2026-03-06,,0
potosi,Potosí,Potosí,highland,2026-03-06,,0
santa_cruz,Santa Cruz,Santa Cruz,lowland,2026-03-06,,0
sucre,Sucre,Chuquisaca,highland,2026-03-06,,0
tarija,Tarija,Tarija,lowland,2026-03-06,,0
trinidad,Trinidad,Beni,lowland,2026-03-06,,0
yacuiba,Yacuiba,Tarija,lowland,2026-03-06,,0
cobija,Cobija,Pando,lowland,2026-03-07,,0
cochabamba,Cochabamba,Cochabamba,highland,2026-03-07,,0
la_paz_el_alto,La Paz–El Alto,La Paz,highland,2026-03-07,,0
montero,Montero,Santa Cruz,lowland,2026-03-07,,0
oruro,Oruro,Oruro,highland,2026-03-07,,0
potosi,Potosí,Potosí,highland,2026-03-07,,0
santa_cruz,Santa Cruz,Santa Cruz,lowland,2026-03-07,,0
sucre,Sucre,Chuquisaca,highland,2026-03-07,,0
tarija,Tarija,Tarija,lowland,2026-03-07,,0
trinidad,Trinidad,Beni,lowland,2026-03-07,,0
yacuiba,Yacuiba,Tarija,lowland,2026-03-07,,0
cobija,Cobija,Pando,lowland,2026-03-08,,0
cochabamba,Cochabamba,Cochabamba,highland,2026-03-08,,0
la_paz_el_alto,La Paz–El Alto,La Paz,highland,2026-03-08,,0
montero,Montero,Santa Cruz,lowland,2026-03-08,,0
oruro,Oruro,Oruro,highland,2026-03-08,,0
potosi,Potosí,Potosí,highland,2026-03-08,,0
santa_cruz,Santa Cruz,Santa Cruz,lowland,2026-03-08,,0
sucre,Sucre,Chuquisaca,highland,2026-03-08,,0
tarija,Tarija,Tarija,lowland,2026-03-08,,0
trinidad,Trinidad,Beni,lowland,2026-03-08,,0
yacuiba,Yacuiba,Tarija,lowland,2026-03-08,,0
cobija,Cobija,Pando,lowland,2026-03-09,,0
cochabamba,Cochabamba,Cochabamba,highland,2026-03-09,,0
la_paz_el_alto,La Paz–El Alto,La Paz,highland,2026-03-09,,0
montero,Montero,Santa Cruz,lowland,2026-03-09,,0
oruro,Oruro,Oruro,highland,2026-03-09,,0
potosi,Potosí,Potosí,highland,2026-03-09,,0
santa_cruz,Santa Cruz,Santa Cruz,lowland,2026-03-09,,0
sucre,Sucre,Chuquisaca,highland,2026-03-09,,0
tarija,Tarija,Tarija,lowland,2026-03-09,,0
trinidad,Trinidad,Beni,lowland,2026-03-09,,0
yacuiba,Yacuiba,Tarija,lowland,2026-03-09,,0
cobija,Cobija,Pando,lowland,2026-03-10,,0
cochabamba,Cochabamba,Cochabamba,highland,2026-03-10,,0
la_paz_el_alto,La Paz–El Alto,La Paz,highland,2026-03-10,,0
montero,Montero,Santa Cruz,lowland,2026-03-10,,0
oruro,Oruro,Oruro,highland,2026-03-10,,0
potosi,Potosí,Potosí,highland,2026-03-10,,0
santa_cruz,Santa Cruz,Santa Cruz,lowland,2026-03-10,,0
sucre,Sucre,Chuquisaca,highland,2026-03-10,,0
tarija,Tarija,Tarija,lowland,2026-03-10,,0
trinidad,Trinidad,Beni,lowland,2026-03-10,,0
yacuiba,Yacuiba,Tarija,lowland,2026-03-10,,0
cobija,Cobija,Pando,lowland,2026-03-11,,0
cochabamba,Cochabamba,Cochabamba,highland,2026-03-11,,0
la_paz_el_alto,La Paz–El Alto,La Paz,highland,2026-03-11,,0
montero,Montero,Santa Cruz,lowland,2026-03-11,,0
oruro,Oruro,Oruro,highland,2026-03-11,,0
potosi,Potosí,Potosí,highland,2026-03-11,,0
santa_cruz,Santa Cruz,Santa Cruz,lowland,2026-03-11,,0
sucre,Sucre,Chuquisaca,highland,2026-03-11,,0
tarija,Tarija,Tarija,lowland,2026-03-11,,0
trinidad,Trinidad,Beni,lowland,2026-03-11,,0
yacuiba,Yacuiba,Tarija,lowland,2026-03-11,,0
cobija,Cobija,Pando,lowland,2026-03-12,,0
cochabamba,Cochabamba,Cochabamba,highland,2026-03-12,,0
la_paz_el_alto,La Paz–El Alto,La Paz,highland,2026-03-12,,0
montero,Montero,Santa Cruz,lowland,2026-03-12,,0
oruro,Oruro,Oruro,highland,2026-03-12,,0
potosi,Potosí,Potosí,highland,2026-03-12,,0
santa_cruz,Santa Cruz,Santa Cruz,lowland,2026-03-12,,0
sucre,Sucre,Chuquisaca,highland,2026-03-12,,0
tarija,Tarija,Tarija,lowland,2026-03-12,,0
trinidad,Trinidad,Beni,lowland,2026-03-12,,0
yacuiba,Yacuiba,Tarija,lowland,2026-03-12,,0
cobija,Cobija,Pando,lowland,2026-03-13,,0
cochabamba,Cochabamba,Cochabamba,highland,2026-03-13,,0
la_paz_el_alto,La Paz–El Alto,La Paz,highland,2026-03-13,,0
montero,Montero,Santa Cruz,lowland,2026-03-13,,0
oruro,Oruro,Oruro,highland,2026-03-13,,0
potosi,Potosí,Potosí,highland,2026-03-13,,0
santa_cruz,Santa Cruz,Santa Cruz,lowland,2026-03-13,,0
sucre,Sucre,Chuquisaca,highland,2026-03-13,,0
tarija,Tarija,Tarija,lowland,2026-03-13,,0
trinidad,Trinidad,Beni,lowland,2026-03-13,,0
yacuiba,Yacuiba,Tarija,lowland,2026-03-13,,0
cobija,Cobija,Pando,lowland,2026-03-14,,0
cochabamba,Cochabamba,Cochabamba,highland,2026-03-14,,0
la_paz_el_alto,La Paz–El Alto,La Paz,highland,2026-03-14,,0
montero,Montero,Santa Cruz,lowland,2026-03-14,,0
oruro,Oruro,Oruro,highland,2026-03-14,,0
potosi,Potosí,Potosí,highland,2026-03-14,,0
santa_cruz,Santa Cruz,Santa Cruz,lowland,2026-03-14,,0
sucre,Sucre,Chuquisaca,highland,2026-03-14,,0
tarija,Tarija,Tarija,lowland,2026-03-14,,0
trinidad,Trinidad,Beni,lowland,2026-03-14,,0
yacuiba,Yacuiba,Tarija,lowland,2026-03-14,,0
cobija,Cobija,Pando,lowland,2026-03-15,,0
cochabamba,Cochabamba,Cochabamba,highland,2026-03-15,,0
la_paz_el_alto,La Paz–El Alto,La Paz,highland,2026-03-15,,0
montero,Montero,Santa Cruz,lowland,2026-03-15,,0
oruro,Oruro,Oruro,highland,2026-03-15,,0
potosi,Potosí,Potosí,highland,2026-03-15,,0
santa_cruz,Santa Cruz,Santa Cruz,lowland,2026-03-15,,0
sucre,Sucre,Chuquisaca,highland,2026-03-15,,0
tarija,Tarija,Tarija,lowland,2026-03-15,,0
trinidad,Trinidad,Beni,lowland,2026-03-15,,0
yacuiba,Yacuiba,Tarija,lowland,2026-03-15,,0
cobija,Cobija,Pando,lowland,2026-03-16,,0
cochabamba,Cochabamba,Cochabamba,highland,2026-03-16,,0
la_paz_el_alto,La Paz–El Alto,La Paz,highland,2026-03-16,,0
montero,Montero,Santa Cruz,lowland,2026-03-16,,0
oruro,Oruro,Oruro,highland,2026-03-16,,0
potosi,Potosí,Potosí,highland,2026-03-16,,0
santa_cruz,Santa Cruz,Santa Cruz,lowland,2026-03-16,,0
sucre,Sucre,Chuquisaca,highland,2026-03-16,,0
tarija,Tarija,Tarija,lowland,2026-03-16,,0
trinidad,Trinidad,Beni,lowland,2026-03-16,,0
yacuiba,Yacuiba,Tarija,lowland,2026-03-16,,0
cobija,Cobija,Pando,lowland,2026-03-17,,0
cochabamba,Cochabamba,Cochabamba,highland,2026-03-17,,0
la_paz_el_alto,La Paz–El Alto,La Paz,highland,2026-03-17,,0
montero,Montero,Santa Cruz,lowland,2026-03-17,,0
oruro,Oruro,Oruro,highland,2026-03-17,,0
potosi,Potosí,Potosí,highland,2026-03-17,,0
santa_cruz,Santa Cruz,Santa Cruz,lowland,2026-03-17,,0
sucre,Sucre,Chuquisaca,highland,2026-03-17,,0
tarija,Tarija,Tarija,lowland,2026-03-17,,0
trinidad,Trinidad,Beni,lowland,2026-03-17,,0
yacuiba,Yacuiba,Tarija,lowland,2026-03-17,,0
cobija,Cobija,Pando,lowland,2026-03-18,,0
cochabamba,Cochabamba,Cochabamba,highland,2026-03-18,,0
la_paz_el_alto,La Paz–El Alto,La Paz,highland,2026-03-18,,0
montero,Montero,Santa Cruz,lowland,2026-03-18,,0
oruro,Oruro,Oruro,highland,2026-03-18,,0
potosi,Potosí,Potosí,highland,2026-03-18,,0
santa_cruz,Santa Cruz,Santa Cruz,lowland,2026-03-18,,0
sucre,Sucre,Chuquisaca,highland,2026-03-18,,0
tarija,Tarija,Tarija,lowland,2026-03-18,,0
trinidad,Trinidad,Beni,lowland,2026-03-18,,0
yacuiba,Yacuiba,Tarija,lowland,2026-03-18,,0
cobija,Cobija,Pando,lowland,2026-03-19,,0
cochabamba,Cochabamba,Cochabamba,highland,2026-03-19,,0
la_paz_el_alto,La Paz–El Alto,La Paz,highland,2026-03-19,,0
montero,Montero,Santa Cruz,lowland,2026-03-19,,0
oruro,Oruro,Oruro,highland,2026-03-19,,0
potosi,Potosí,Potosí,highland,2026-03-19,,0
santa_cruz,Santa Cruz,Santa Cruz,lowland,2026-03-19,,0
sucre,Sucre,Chuquisaca,highland,2026-03-19,,0
tarija,Tarija,Tarija,lowland,2026-03-19,,0
trinidad,Trinidad,Beni,lowland,2026-03-19,,0
yacuiba,Yacuiba,Tarija,lowland,2026-03-19,,0
cobija,Cobija,Pando,lowland,2026-03-20,,0
cochabamba,Cochabamba,Cochabamba,highland,2026-03-20,,0
la_paz_el_alto,La Paz–El Alto,La Paz,highland,2026-03-20,,0
montero,Montero,Santa Cruz,lowland,2026-03-20,,0
oruro,Oruro,Oruro,highland,2026-03-20,,0
potosi,Potosí,Potosí,highland,2026-03-20,,0
santa_cruz,Santa Cruz,Santa Cruz,lowland,2026-03-20,,0
sucre,Sucre,Chuquisaca,highland,2026-03-20,,0
tarija,Tarija,Tarija,lowland,2026-03-20,,0
trinidad,Trinidad,Beni,lowland,2026-03-20,,0
yacuiba,Yacuiba,Tarija,lowland,2026-03-20,,0
cobija,Cobija,Pando,lowland,2026-03-21,,0
cochabamba,Cochabamba,Cochabamba,highland,2026-03-21,,0
la_paz_el_alto,La Paz–El Alto,La Paz,highland,2026-03-21,,0
montero,Montero,Santa Cruz,lowland,2026-03-21,,0
oruro,Oruro,Oruro,highland,2026-03-21,,0
potosi,Potosí,Potosí,highland,2026-03-21,,0
santa_cruz,Santa Cruz,Santa Cruz,lowland,2026-03-21,,0
sucre,Sucre,Chuquisaca,highland,2026-03-21,,0
tarija,Tarija,Tarija,lowland,2026-03-21,,0
trinidad,Trinidad,Beni,lowland,2026-03-21,,0
yacuiba,Yacuiba,Tarija,lowland,2026-03-21,,0
cobija,Cobija,Pando,lowland,2026-03-22,,0
cochabamba,Cochabamba,Cochabamba,highland,2026-03-22,,0
la_paz_el_alto,La Paz–El Alto,La Paz,highland,2026-03-22,,0
montero,Montero,Santa Cruz,lowland,2026-03-22,,0
oruro,Oruro,Oruro,highland,2026-03-22,,0
potosi,Potosí,Potosí,highland,2026-03-22,,0
santa_cruz,Santa Cruz,Santa Cruz,lowland,2026-03-22,,0
sucre,Sucre,Chuquisaca,highland,2026-03-22,,0
tarija,Tarija,Tarija,lowland,2026-03-22,,0
trinidad,Trinidad,Beni,lowland,2026-03-22,,0
yacuiba,Yacuiba,Tarija,lowland,2026-03-22,,0
cobija,Cobija,Pando,lowland,2026-03-23,,0
cochabamba,Cochabamba,Cochabamba,highland,2026-03-23,,0
la_paz_el_alto,La Paz–El Alto,La Paz,highland,2026-03-23,,0
montero,Montero,Santa Cruz,lowland,2026-03-23,,0
oruro,Oruro,Oruro,highland,2026-03-23,,0
potosi,Potosí,Potosí,highland,2026-03-23,,0
santa_cruz,Santa Cruz,Santa Cruz,lowland,2026-03-23,,0
sucre,Sucre,Chuquisaca,highland,2026-03-23,,0
tarija,Tarija,Tarija,lowland,2026-03-23,,0
trinidad,Trinidad,Beni,lowland,2026-03-23,,0
yacuiba,Yacuiba,Tarija,lowland,2026-03-23,,0
cobija,Cobija,Pando,lowland,2026-03-24,,0
cochabamba,Cochabamba,Cochabamba,highland,2026-03-24,,0
la_paz_el_alto,La Paz–El Alto,La Paz,highland,2026-03-24,,0
montero,Montero,Santa Cruz,lowland,2026-03-24,,0
oruro,Oruro,Oruro,highland,2026-03-24,,0
potosi,Potosí,Potosí,highland,2026-03-24,,0
santa_cruz,Santa Cruz,Santa Cruz,lowland,2026-03-24,,0
sucre,Sucre,Chuquisaca,highland,2026-03-24,,0
tarija,Tarija,Tarija,lowland,2026-03-24,,0
trinidad,Trinidad,Beni,lowland,2026-03-24,,0
yacuiba,Yacuiba,Tarija,lowland,2026-03-24,,0
cobija,Cobija,Pando,lowland,2026-03-25,,0
cochabamba,Cochabamba,Cochabamba,highland,2026-03-25,,0
la_paz_el_alto,La Paz–El Alto,La Paz,highland,2026-03-25,,0
montero,Montero,Santa Cruz,lowland,2026-03-25,,0
oruro,Oruro,Oruro,highland,2026-03-25,,0
potosi,Potosí,Potosí,highland,2026-03-25,,0
santa_cruz,Santa Cruz,Santa Cruz,lowland,2026-03-25,,0
sucre,Sucre,Chuquisaca,highland,2026-03-25,,0
tarija,Tarija,Tarija,lowland,2026-03-25,,0
trinidad,Trinidad,Beni,lowland,2026-03-25,,0
yacuiba,Yacuiba,Tarija,lowland,2026-03-25,,0
cobija,Cobija,Pando,lowland,2026-03-26,,0
cochabamba,Cochabamba,Cochabamba,highland,2026-03-26,,0
la_paz_el_alto,La Paz–El Alto,La Paz,highland,2026-03-26,,0
montero,Montero,Santa Cruz,lowland,2026-03-26,,0
oruro,Oruro,Oruro,highland,2026-03-26,,0
potosi,Potosí,Potosí,highland,2026-03-26,,0
santa_cruz,Santa Cruz,Santa Cruz,lowland,2026-03-26,,0
sucre,Sucre,Chuquisaca,highland,2026-03-26,,0
tarija,Tarija,Tarija,lowland,2026-03-26,,0
trinidad,Trinidad,Beni,lowland,2026-03-26,,0
yacuiba,Yacuiba,Tarija,lowland,2026-03-26,,0
cobija,Cobija,Pando,lowland,2026-03-27,,0
cochabamba,Cochabamba,Cochabamba,highland,2026-03-27,,0
la_paz_el_alto,La Paz–El Alto,La Paz,highland,2026-03-27,,0
montero,Montero,Santa Cruz,lowland,2026-03-27,,0
oruro,Oruro,Oruro,highland,2026-03-27,,0
potosi,Potosí,Potosí,highland,2026-03-27,,0
santa_cruz,Santa Cruz,Santa Cruz,lowland,2026-03-27,,0
sucre,Sucre,Chuquisaca,highland,2026-03-27,,0
tarija,Tarija,Tarija,lowland,2026-03-27,,0
trinidad,Trinidad,Beni,lowland,2026-03-27,,0
yacuiba,Yacuiba,Tarija,lowland,2026-03-27,,0
cobija,Cobija,Pando,lowland,2026-03-28,,0
cochabamba,Cochabamba,Cochabamba,highland,2026-03-28,,0
la_paz_el_alto,La Paz–El Alto,La Paz,highland,2026-03-28,,0
montero,Montero,Santa Cruz,lowland,2026-03-28,,0
oruro,Oruro,Oruro,highland,2026-03-28,,0
potosi,Potosí,Potosí,highland,2026-03-28,,0
santa_cruz,Santa Cruz,Santa Cruz,lowland,2026-03-28,,0
sucre,Sucre,Chuquisaca,highland,2026-03-28,,0
tarija,Tarija,Tarija,lowland,2026-03-28,,0
trinidad,Trinidad,Beni,lowland,2026-03-28,,0
yacuiba,Yacuiba,Tarija,lowland,2026-03-28,,0
cobija,Cobija,Pando,lowland,2026-03-29,,0
cochabamba,Cochabamba,Cochabamba,highland,2026-03-29,,0
la_paz_el_alto,La Paz–El Alto,La Paz,highland,2026-03-29,,0
montero,Montero,Santa Cruz,lowland,2026-03-29,,0
oruro,Oruro,Oruro,highland,2026-03-29,,0
potosi,Potosí,Potosí,highland,2026-03-29,,0
santa_cruz,Santa Cruz,Santa Cruz,lowland,2026-03-29,,0
sucre,Sucre,Chuquisaca,highland,2026-03-29,,0
tarija,Tarija,Tarija,lowland,2026-03-29,,0
trinidad,Trinidad,Beni,lowland,2026-03-29,,0
yacuiba,Yacuiba,Tarija,lowland,2026-03-29,,0
cobija,Cobija,Pando,lowland,2026-03-30,,0
cochabamba,Cochabamba,Cochabamba,highland,2026-03-30,,0
la_paz_el_alto,La Paz–El Alto,La Paz,highland,2026-03-30,,0
montero,Montero,Santa Cruz,lowland,2026-03-30,,0
oruro,Oruro,Oruro,highland,2026-03-30,,0
potosi,Potosí,Potosí,highland,2026-03-30,,0
santa_cruz,Santa Cruz,Santa Cruz,lowland,2026-03-30,,0
sucre,Sucre,Chuquisaca,highland,2026-03-30,,0
tarija,Tarija,Tarija,lowland,2026-03-30,,0
trinidad,Trinidad,Beni,lowland,2026-03-30,,0
yacuiba,Yacuiba,Tarija,lowland,2026-03-30,,0
cobija,Cobija,Pando,lowland,2026-03-31,,0
cochabamba,Cochabamba,Cochabamba,highland,2026-03-31,,0
la_paz_el_alto,La Paz–El Alto,La Paz,highland,2026-03-31,,0
montero,Montero,Santa Cruz,lowland,2026-03-31,,0
oruro,Oruro,Oruro,highland,2026-03-31,,0
potosi,Potosí,Potosí,highland,2026-03-31,,0
santa_cruz,Santa Cruz,Santa Cruz,lowland,2026-03-31,,0
sucre,Sucre,Chuquisaca,highland,2026-03-31,,0
tarija,Tarija,Tarija,lowland,2026-03-31,,0
trinidad,Trinidad,Beni,lowland,2026-03-31,,0
yacuiba,Yacuiba,Tarija,lowland,2026-03-31,,0
cobija,Cobija,Pando,lowland,2026-04-01,,0
cochabamba,Cochabamba,Cochabamba,highland,2026-04-01,,0
la_paz_el_alto,La Paz–El Alto,La Paz,highland,2026-04-01,,0
montero,Montero,Santa Cruz,lowland,2026-04-01,,0
oruro,Oruro,Oruro,highland,2026-04-01,,0
potosi,Potosí,Potosí,highland,2026-04-01,,0
santa_cruz,Santa Cruz,Santa Cruz,lowland,2026-04-01,,0
sucre,Sucre,Chuquisaca,highland,2026-04-01,,0
tarija,Tarija,Tarija,lowland,2026-04-01,,0
trinidad,Trinidad,Beni,lowland,2026-04-01,,0
yacuiba,Yacuiba,Tarija,lowland,2026-04-01,,0
cobija,Cobija,Pando,lowland,2026-04-02,,0
cochabamba,Cochabamba,Cochabamba,highland,2026-04-02,,0
la_paz_el_alto,La Paz–El Alto,La Paz,highland,2026-04-02,,0
montero,Montero,Santa Cruz,lowland,2026-04-02,,0
oruro,Oruro,Oruro,highland,2026-04-02,,0
potosi,Potosí,Potosí,highland,2026-04-02,,0
santa_cruz,Santa Cruz,Santa Cruz,lowland,2026-04-02,,0
sucre,Sucre,Chuquisaca,highland,2026-04-02,,0
tarija,Tarija,Tarija,lowland,2026-04-02,,0
trinidad,Trinidad,Beni,lowland,2026-04-02,,0
yacuiba,Yacuiba,Tarija,lowland,2026-04-02,,0
cobija,Cobija,Pando,lowland,2026-04-03,,0
cochabamba,Cochabamba,Cochabamba,highland,2026-04-03,,0
la_paz_el_alto,La Paz–El Alto,La Paz,highland,2026-04-03,,0
montero,Montero,Santa Cruz,lowland,2026-04-03,,0
oruro,Oruro,Oruro,highland,2026-04-03,,0
potosi,Potosí,Potosí,highland,2026-04-03,,0
santa_cruz,Santa Cruz,Santa Cruz,lowland,2026-04-03,,0
sucre,Sucre,Chuquisaca,highland,2026-04-03,,0
tarija,Tarija,Tarija,lowland,2026-04-03,,0
trinidad,Trinidad,Beni,lowland,2026-04-03,,0
yacuiba,Yacuiba,Tarija,lowland,2026-04-03,,0
cobija,Cobija,Pando,lowland,2026-04-04,,0
cochabamba,Cochabamba,Cochabamba,highland,2026-04-04,,0
la_paz_el_alto,La Paz–El Alto,La Paz,highland,2026-04-04,,0
montero,Montero,Santa Cruz,lowland,2026-04-04,,0
oruro,Oruro,Oruro,highland,2026-04-04,,0
potosi,Potosí,Potosí,highland,2026-04-04,,0
santa_cruz,Santa Cruz,Santa Cruz,lowland,2026-04-04,,0
sucre,Sucre,Chuquisaca,highland,2026-04-04,,0
tarija,Tarija,Tarija,lowland,2026-04-04,,0
trinidad,Trinidad,Beni,lowland,2026-04-04,,0
yacuiba,Yacuiba,Tarija,lowland,2026-04-04,,0
cobija,Cobija,Pando,lowland,2026-04-05,,0
cochabamba,Cochabamba,Cochabamba,highland,2026-04-05,,0
la_paz_el_alto,La Paz–El Alto,La Paz,highland,2026-04-05,,0
montero,Montero,Santa Cruz,lowland,2026-04-05,,0
oruro,Oruro,Oruro,highland,2026-04-05,,0
potosi,Potosí,Potosí,highland,2026-04-05,,0
santa_cruz,Santa Cruz,Santa Cruz,lowland,2026-04-05,,0
sucre,Sucre,Chuquisaca,highland,2026-04-05,,0
tarija,Tarija,Tarija,lowland,2026-04-05,,0
trinidad,Trinidad,Beni,lowland,2026-04-05,,0
yacuiba,Yacuiba,Tarija,lowland,2026-04-05,,0
cobija,Cobija,Pando,lowland,2026-04-06,,0
cochabamba,Cochabamba,Cochabamba,highland,2026-04-06,,0
la_paz_el_alto,La Paz–El Alto,La Paz,highland,2026-04-06,,0
montero,Montero,Santa Cruz,lowland,2026-04-06,,0
oruro,Oruro,Oruro,highland,2026-04-06,,0
potosi,Potosí,Potosí,highland,2026-04-06,,0
santa_cruz,Santa Cruz,Santa Cruz,lowland,2026-04-06,,0
sucre,Sucre,Chuquisaca,highland,2026-04-06,,0
tarija,Tarija,Tarija,lowland,2026-04-06,,0
trinidad,Trinidad,Beni,lowland,2026-04-06,,0
yacuiba,Yacuiba,Tarija,lowland,2026-04-06,,0
cobija,Cobija,Pando,lowland,2026-04-07,,0
cochabamba,Cochabamba,Cochabamba,highland,2026-04-07,,0
la_paz_el_alto,La Paz–El Alto,La Paz,highland,2026-04-07,,0
montero,Montero,Santa Cruz,lowland,2026-04-07,,0
oruro,Oruro,Oruro,highland,2026-04-07,,0
potosi,Potosí,Potosí,highland,2026-04-07,,0
santa_cruz,Santa Cruz,Santa Cruz,lowland,2026-04-07,,0
sucre,Sucre,Chuquisaca,highland,2026-04-07,,0
tarija,Tarija,Tarija,lowland,2026-04-07,,0
trinidad,Trinidad,Beni,lowland,2026-04-07,,0
yacuiba,Yacuiba,Tarija,lowland,2026-04-07,,0
cobija,Cobija,Pando,lowland,2026-04-08,,0
cochabamba,Cochabamba,Cochabamba,highland,2026-04-08,,0
la_paz_el_alto,La Paz–El Alto,La Paz,highland,2026-04-08,,0
montero,Montero,Santa Cruz,lowland,2026-04-08,,0
oruro,Oruro,Oruro,highland,2026-04-08,,0
potosi,Potosí,Potosí,highland,2026-04-08,,0
santa_cruz,Santa Cruz,Santa Cruz,lowland,2026-04-08,,0
sucre,Sucre,Chuquisaca,highland,2026-04-08,,0
tarija,Tarija,Tarija,lowland,2026-04-08,,0
trinidad,Trinidad,Beni,lowland,2026-04-08,,0
yacuiba,Yacuiba,Tarija,lowland,2026-04-08,,0
cobija,Cobija,Pando,lowland,2026-04-09,,0
cochabamba,Cochabamba,Cochabamba,highland,2026-04-09,,0
la_paz_el_alto,La Paz–El Alto,La Paz,highland,2026-04-09,,0
montero,Montero,Santa Cruz,lowland,2026-04-09,,0
oruro,Oruro,Oruro,highland,2026-04-09,,0
potosi,Potosí,Potosí,highland,2026-04-09,,0
santa_cruz,Santa Cruz,Santa Cruz,lowland,2026-04-09,,0
sucre,Sucre,Chuquisaca,highland,2026-04-09,,0
tarija,Tarija,Tarija,lowland,2026-04-09,,0
trinidad,Trinidad,Beni,lowland,2026-04-09,,0
yacuiba,Yacuiba,Tarija,lowland,2026-04-09,,0
cobija,Cobija,Pando,lowland,2026-04-10,,0
cochabamba,Cochabamba,Cochabamba,highland,2026-04-10,,0
la_paz_el_alto,La Paz–El Alto,La Paz,highland,2026-04-10,,0
montero,Montero,Santa Cruz,lowland,2026-04-10,,0
oruro,Oruro,Oruro,highland,2026-04-10,,0
potosi,Potosí,Potosí,highland,2026-04-10,,0
santa_cruz,Santa Cruz,Santa Cruz,lowland,2026-04-10,,0
sucre,Sucre,Chuquisaca,highland,2026-04-10,,0
tarija,Tarija,Tarija,lowland,2026-04-10,,0
trinidad,Trinidad,Beni,lowland,2026-04-10,,0
yacuiba,Yacuiba,Tarija,lowland,2026-04-10,,0
cobija,Cobija,Pando,lowland,2026-04-11,,0
cochabamba,Cochabamba,Cochabamba,highland,2026-04-11,,0
la_paz_el_alto,La Paz–El Alto,La Paz,highland,2026-04-11,,0
montero,Montero,Santa Cruz,lowland,2026-04-11,,0
oruro,Oruro,Oruro,highland,2026-04-11,,0
potosi,Potosí,Potosí,highland,2026-04-11,,0
santa_cruz,Santa Cruz,Santa Cruz,lowland,2026-04-11,,0
sucre,Sucre,Chuquisaca,highland,2026-04-11,,0
tarija,Tarija,Tarija,lowland,2026-04-11,,0
trinidad,Trinidad,Beni,lowland,2026-04-11,,0
yacuiba,Yacuiba,Tarija,lowland,2026-04-11,,0
cobija,Cobija,Pando,lowland,2026-04-12,,0
cochabamba,Cochabamba,Cochabamba,highland,2026-04-12,,0
la_paz_el_alto,La Paz–El Alto,La Paz,highland,2026-04-12,,0
montero,Montero,Santa Cruz,lowland,2026-04-12,,0
oruro,Oruro,Oruro,highland,2026-04-12,,0
potosi,Potosí,Potosí,highland,2026-04-12,,0
santa_cruz,Santa Cruz,Santa Cruz,lowland,2026-04-12,,0
sucre,Sucre,Chuquisaca,highland,2026-04-12,,0
tarija,Tarija,Tarija,lowland,2026-04-12,,0
trinidad,Trinidad,Beni,lowland,2026-04-12,,0
yacuiba,Yacuiba,Tarija,lowland,2026-04-12,,0
cobija,Cobija,Pando,lowland,2026-04-13,,0
cochabamba,Cochabamba,Cochabamba,highland,2026-04-13,,0
la_paz_el_alto,La Paz–El Alto,La Paz,highland,2026-04-13,,0
montero,Montero,Santa Cruz,lowland,2026-04-13,,0
oruro,Oruro,Oruro,highland,2026-04-13,,0
potosi,Potosí,Potosí,highland,2026-04-13,,0
santa_cruz,Santa Cruz,Santa Cruz,lowland,2026-04-13,,0
sucre,Sucre,Chuquisaca,highland,2026-04-13,,0
tarija,Tarija,Tarija,lowland,2026-04-13,,0
trinidad,Trinidad,Beni,lowland,2026-04-13,,0
yacuiba,Yacuiba,Tarija,lowland,2026-04-13,,0
cobija,Cobija,Pando,lowland,2026-04-14,,0
cochabamba,Cochabamba,Cochabamba,highland,2026-04-14,,0
la_paz_el_alto,La Paz–El Alto,La Paz,highland,2026-04-14,,0
montero,Montero,Santa Cruz,lowland,2026-04-14,,0
oruro,Oruro,Oruro,highland,2026-04-14,,0
potosi,Potosí,Potosí,highland,2026-04-14,,0
santa_cruz,Santa Cruz,Santa Cruz,lowland,2026-04-14,,0
sucre,Sucre,Chuquisaca,highland,2026-04-14,,0
tarija,Tarija,Tarija,lowland,2026-04-14,,0
trinidad,Trinidad,Beni,lowland,2026-04-14,,0
yacuiba,Yacuiba,Tarija,lowland,2026-04-14,,0
cobija,Cobija,Pando,lowland,2026-04-15,,0
cochabamba,Cochabamba,Cochabamba,highland,2026-04-15,,0
la_paz_el_alto,La Paz–El Alto,La Paz,highland,2026-04-15,,0
montero,Montero,Santa Cruz,lowland,2026-04-15,,0
oruro,Oruro,Oruro,highland,2026-04-15,,0
potosi,Potosí,Potosí,highland,2026-04-15,,0
santa_cruz,Santa Cruz,Santa Cruz,lowland,2026-04-15,,0
sucre,Sucre,Chuquisaca,highland,2026-04-15,,0
tarija,Tarija,Tarija,lowland,2026-04-15,,0
trinidad,Trinidad,Beni,lowland,2026-04-15,,0
yacuiba,Yacuiba,Tarija,lowland,2026-04-15,,0
cobija,Cobija,Pando,lowland,2026-04-16,,0
cochabamba,Cochabamba,Cochabamba,highland,2026-04-16,,0
la_paz_el_alto,La Paz–El Alto,La Paz,highland,2026-04-16,,0
montero,Montero,Santa Cruz,lowland,2026-04-16,,0
oruro,Oruro,Oruro,highland,2026-04-16,,0
potosi,Potosí,Potosí,highland,2026-04-16,,0
santa_cruz,Santa Cruz,Santa Cruz,lowland,2026-04-16,,0
sucre,Sucre,Chuquisaca,highland,2026-04-16,,0
tarija,Tarija,Tarija,lowland,2026-04-16,,0
trinidad,Trinidad,Beni,lowland,2026-04-16,,0
yacuiba,Yacuiba,Tarija,lowland,2026-04-16,,0
cobija,Cobija,Pando,lowland,2026-04-17,,0
cochabamba,Cochabamba,Cochabamba,highland,2026-04-17,,0
la_paz_el_alto,La Paz–El Alto,La Paz,highland,2026-04-17,,0
montero,Montero,Santa Cruz,lowland,2026-04-17,,0
oruro,Oruro,Oruro,highland,2026-04-17,,0
potosi,Potosí,Potosí,highland,2026-04-17,,0
santa_cruz,Santa Cruz,Santa Cruz,lowland,2026-04-17,,0
sucre,Sucre,Chuquisaca,highland,2026-04-17,,0
tarija,Tarija,Tarija,lowland,2026-04-17,,0
trinidad,Trinidad,Beni,lowland,2026-04-17,,0
yacuiba,Yacuiba,Tarija,lowland,2026-04-17,,0
cobija,Cobija,Pando,lowland,2026-04-18,,0
cochabamba,Cochabamba,Cochabamba,highland,2026-04-18,,0
la_paz_el_alto,La Paz–El Alto,La Paz,highland,2026-04-18,,0
montero,Montero,Santa Cruz,lowland,2026-04-18,,0
oruro,Oruro,Oruro,highland,2026-04-18,,0
potosi,Potosí,Potosí,highland,2026-04-18,,0
santa_cruz,Santa Cruz,Santa Cruz,lowland,2026-04-18,,0
sucre,Sucre,Chuquisaca,highland,2026-04-18,,0
tarija,Tarija,Tarija,lowland,2026-04-18,,0
trinidad,Trinidad,Beni,lowland,2026-04-18,,0
yacuiba,Yacuiba,Tarija,lowland,2026-04-18,,0
cobija,Cobija,Pando,lowland,2026-04-19,,0
cochabamba,Cochabamba,Cochabamba,highland,2026-04-19,,0
la_paz_el_alto,La Paz–El Alto,La Paz,highland,2026-04-19,,0
montero,Montero,Santa Cruz,lowland,2026-04-19,,0
oruro,Oruro,Oruro,highland,2026-04-19,,0
potosi,Potosí,Potosí,highland,2026-04-19,,0
santa_cruz,Santa Cruz,Santa Cruz,lowland,2026-04-19,,0
sucre,Sucre,Chuquisaca,highland,2026-04-19,,0
tarija,Tarija,Tarija,lowland,2026-04-19,,0
trinidad,Trinidad,Beni,lowland,2026-04-19,,0
yacuiba,Yacuiba,Tarija,lowland,2026-04-19,,0
cobija,Cobija,Pando,lowland,2026-04-20,,0
cochabamba,Cochabamba,Cochabamba,highland,2026-04-20,,0
la_paz_el_alto,La Paz–El Alto,La Paz,highland,2026-04-20,,0
montero,Montero,Santa Cruz,lowland,2026-04-20,,0
oruro,Oruro,Oruro,highland,2026-04-20,,0
potosi,Potosí,Potosí,highland,2026-04-20,,0
santa_cruz,Santa Cruz,Santa Cruz,lowland,2026-04-20,,0
sucre,Sucre,Chuquisaca,highland,2026-04-20,,0
tarija,Tarija,Tarija,lowland,2026-04-20,,0
trinidad,Trinidad,Beni,lowland,2026-04-20,,0
yacuiba,Yacuiba,Tarija,lowland,2026-04-20,,0
cobija,Cobija,Pando,lowland,2026-04-21,,0
cochabamba,Cochabamba,Cochabamba,highland,2026-04-21,,0
la_paz_el_alto,La Paz–El Alto,La Paz,highland,2026-04-21,,0
montero,Montero,Santa Cruz,lowland,2026-04-21,,0
oruro,Oruro,Oruro,highland,2026-04-21,,0
potosi,Potosí,Potosí,highland,2026-04-21,,0
santa_cruz,Santa Cruz,Santa Cruz,lowland,2026-04-21,,0
sucre,Sucre,Chuquisaca,highland,2026-04-21,,0
tarija,Tarija,Tarija,lowland,2026-04-21,,0
trinidad,Trinidad,Beni,lowland,2026-04-21,,0
yacuiba,Yacuiba,Tarija,lowland,2026-04-21,,0
cobija,Cobija,Pando,lowland,2026-04-22,,0
cochabamba,Cochabamba,Cochabamba,highland,2026-04-22,,0
la_paz_el_alto,La Paz–El Alto,La Paz,highland,2026-04-22,,0
montero,Montero,Santa Cruz,lowland,2026-04-22,,0
oruro,Oruro,Oruro,highland,2026-04-22,,0
potosi,Potosí,Potosí,highland,2026-04-22,,0
santa_cruz,Santa Cruz,Santa Cruz,lowland,2026-04-22,,0
sucre,Sucre,Chuquisaca,highland,2026-04-22,,0
tarija,Tarija,Tarija,lowland,2026-04-22,,0
trinidad,Trinidad,Beni,lowland,2026-04-22,,0
yacuiba,Yacuiba,Tarija,lowland,2026-04-22,,0
cobija,Cobija,Pando,lowland,2026-04-23,,0
cochabamba,Cochabamba,Cochabamba,highland,2026-04-23,,0
la_paz_el_alto,La Paz–El Alto,La Paz,highland,2026-04-23,,0
montero,Montero,Santa Cruz,lowland,2026-04-23,,0
oruro,Oruro,Oruro,highland,2026-04-23,,0
potosi,Potosí,Potosí,highland,2026-04-23,,0
santa_cruz,Santa Cruz,Santa Cruz,lowland,2026-04-23,,0
sucre,Sucre,Chuquisaca,highland,2026-04-23,,0
tarija,Tarija,Tarija,lowland,2026-04-23,,0
trinidad,Trinidad,Beni,lowland,2026-04-23,,0
yacuiba,Yacuiba,Tarija,lowland,2026-04-23,,0
cobija,Cobija,Pando,lowland,2026-04-24,,0
cochabamba,Cochabamba,Cochabamba,highland,2026-04-24,,0
la_paz_el_alto,La Paz–El Alto,La Paz,highland,2026-04-24,,0
montero,Montero,Santa Cruz,lowland,2026-04-24,,0
oruro,Oruro,Oruro,highland,2026-04-24,,0
potosi,Potosí,Potosí,highland,2026-04-24,,0
santa_cruz,Santa Cruz,Santa Cruz,lowland,2026-04-24,,0
sucre,Sucre,Chuquisaca,highland,2026-04-24,,0
tarija,Tarija,Tarija,lowland,2026-04-24,,0
trinidad,Trinidad,Beni,lowland,2026-04-24,,0
yacuiba,Yacuiba,Tarija,lowland,2026-04-24,,0
cobija,Cobija,Pando,lowland,2026-04-25,,0
cochabamba,Cochabamba,Cochabamba,highland,2026-04-25,,0
la_paz_el_alto,La Paz–El Alto,La Paz,highland,2026-04-25,,0
montero,Montero,Santa Cruz,lowland,2026-04-25,,0
oruro,Oruro,Oruro,highland,2026-04-25,,0
potosi,Potosí,Potosí,highland,2026-04-25,,0
santa_cruz,Santa Cruz,Santa Cruz,lowland,2026-04-25,,0
sucre,Sucre,Chuquisaca,highland,2026-04-25,,0
tarija,Tarija,Tarija,lowland,2026-04-25,,0
trinidad,Trinidad,Beni,lowland,2026-04-25,,0
yacuiba,Yacuiba,Tarija,lowland,2026-04-25,,0
cobija,Cobija,Pando,lowland,2026-04-26,,0
cochabamba,Cochabamba,Cochabamba,highland,2026-04-26,,0
la_paz_el_alto,La Paz–El Alto,La Paz,highland,2026-04-26,,0
montero,Montero,Santa Cruz,lowland,2026-04-26,,0
oruro,Oruro,Oruro,highland,2026-04-26,,0
potosi,Potosí,Potosí,highland,2026-04-26,,0
santa_cruz,Santa Cruz,Santa Cruz,lowland,2026-04-26,,0
sucre,Sucre,Chuquisaca,highland,2026-04-26,,0
tarija,Tarija,Tarija,lowland,2026-04-26,,0
trinidad,Trinidad,Beni,lowland,2026-04-26,,0
yacuiba,Yacuiba,Tarija,lowland,2026-04-26,,0
cobija,Cobija,Pando,lowland,2026-04-27,,0
cochabamba,Cochabamba,Cochabamba,highland,2026-04-27,,0
la_paz_el_alto,La Paz–El Alto,La Paz,highland,2026-04-27,,0
montero,Montero,Santa Cruz,lowland,2026-04-27,,0
oruro,Oruro,Oruro,highland,2026-04-27,,0
potosi,Potosí,Potosí,highland,2026-04-27,,0
santa_cruz,Santa Cruz,Santa Cruz,lowland,2026-04-27,,0
sucre,Sucre,Chuquisaca,highland,2026-04-27,,0
tarija,Tarija,Tarija,lowland,2026-04-27,,0
trinidad,Trinidad,Beni,lowland,2026-04-27,,0
yacuiba,Yacuiba,Tarija,lowland,2026-04-27,,0
cobija,Cobija,Pando,lowland,2026-04-28,,0
cochabamba,Cochabamba,Cochabamba,highland,2026-04-28,,0
la_paz_el_alto,La Paz–El Alto,La Paz,highland,2026-04-28,,0
montero,Montero,Santa Cruz,lowland,2026-04-28,,0
oruro,Oruro,Oruro,highland,2026-04-28,,0
potosi,Potosí,Potosí,highland,2026-04-28,,0
santa_cruz,Santa Cruz,Santa Cruz,lowland,2026-04-28,,0
sucre,Sucre,Chuquisaca,highland,2026-04-28,,0
tarija,Tarija,Tarija,lowland,2026-04-28,,0
trinidad,Trinidad,Beni,lowland,2026-04-28,,0
yacuiba,Yacuiba,Tarija,lowland,2026-04-28,,0
cobija,Cobija,Pando,lowland,2026-04-29,,0
cochabamba,Cochabamba,Cochabamba,highland,2026-04-29,,0
la_paz_el_alto,La Paz–El Alto,La Paz,highland,2026-04-29,,0
montero,Montero,Santa Cruz,lowland,2026-04-29,,0
oruro,Oruro,Oruro,highland,2026-04-29,,0
potosi,Potosí,Potosí,highland,2026-04-29,,0
santa_cruz,Santa Cruz,Santa Cruz,lowland,2026-04-29,,0
sucre,Sucre,Chuquisaca,highland,2026-04-29,,0
tarija,Tarija,Tarija,lowland,2026-04-29,,0
trinidad,Trinidad,Beni,lowland,2026-04-29,,0
yacuiba,Yacuiba,Tarija,lowland,2026-04-29,,0
cobija,Cobija,Pando,lowland,2026-04-30,,0
cochabamba,Cochabamba,Cochabamba,highland,2026-04-30,,0
la_paz_el_alto,La Paz–El Alto,La Paz,highland,2026-04-30,,0
montero,Montero,Santa Cruz,lowland,2026-04-30,,0
oruro,Oruro,Oruro,highland,2026-04-30,,0
potosi,Potosí,Potosí,highland,2026-04-30,,0
santa_cruz,Santa Cruz,Santa Cruz,lowland,2026-04-30,,0
sucre,Sucre,Chuquisaca,highland,2026-04-30,,0
tarija,Tarija,Tarija,lowland,2026-04-30,,0
trinidad,Trinidad,Beni,lowland,2026-04-30,,0
yacuiba,Yacuiba,Tarija,lowland,2026-04-30,,0
cobija,Cobija,Pando,lowland,2026-05-01,,0
cochabamba,Cochabamba,Cochabamba,highland,2026-05-01,,0
la_paz_el_alto,La Paz–El Alto,La Paz,highland,2026-05-01,,0
montero,Montero,Santa Cruz,lowland,2026-05-01,,0
oruro,Oruro,Oruro,highland,2026-05-01,,0
potosi,Potosí,Potosí,highland,2026-05-01,,0
santa_cruz,Santa Cruz,Santa Cruz,lowland,2026-05-01,,0
sucre,Sucre,Chuquisaca,highland,2026-05-01,,0
tarija,Tarija,Tarija,lowland,2026-05-01,,0
trinidad,Trinidad,Beni,lowland,2026-05-01,,0
yacuiba,Yacuiba,Tarija,lowland,2026-05-01,,0
cobija,Cobija,Pando,lowland,2026-05-02,,0
cochabamba,Cochabamba,Cochabamba,highland,2026-05-02,,0
la_paz_el_alto,La Paz–El Alto,La Paz,highland,2026-05-02,,0
montero,Montero,Santa Cruz,lowland,2026-05-02,,0
oruro,Oruro,Oruro,highland,2026-05-02,,0
potosi,Potosí,Potosí,highland,2026-05-02,,0
santa_cruz,Santa Cruz,Santa Cruz,lowland,2026-05-02,,0
sucre,Sucre,Chuquisaca,highland,2026-05-02,,0
tarija,Tarija,Tarija,lowland,2026-05-02,,0
trinidad,Trinidad,Beni,lowland,2026-05-02,,0
yacuiba,Yacuiba,Tarija,lowland,2026-05-02,,0
cobija,Cobija,Pando,lowland,2026-05-03,,0
cochabamba,Cochabamba,Cochabamba,highland,2026-05-03,,0
la_paz_el_alto,La Paz–El Alto,La Paz,highland,2026-05-03,,0
montero,Montero,Santa Cruz,lowland,2026-05-03,,0
oruro,Oruro,Oruro,highland,2026-05-03,,0
potosi,Potosí,Potosí,highland,2026-05-03,,0
santa_cruz,Santa Cruz,Santa Cruz,lowland,2026-05-03,,0
sucre,Sucre,Chuquisaca,highland,2026-05-03,,0
tarija,Tarija,Tarija,lowland,2026-05-03,,0
trinidad,Trinidad,Beni,lowland,2026-05-03,,0
yacuiba,Yacuiba,Tarija,lowland,2026-05-03,,0
cobija,Cobija,Pando,lowland,2026-05-04,,0
cochabamba,Cochabamba,Cochabamba,highland,2026-05-04,,0
la_paz_el_alto,La Paz–El Alto,La Paz,highland,2026-05-04,,0
montero,Montero,Santa Cruz,lowland,2026-05-04,,0
oruro,Oruro,Oruro,highland,2026-05-04,,0
potosi,Potosí,Potosí,highland,2026-05-04,,0
santa_cruz,Santa Cruz,Santa Cruz,lowland,2026-05-04,,0
sucre,Sucre,Chuquisaca,highland,2026-05-04,,0
tarija,Tarija,Tarija,lowland,2026-05-04,,0
trinidad,Trinidad,Beni,lowland,2026-05-04,,0
yacuiba,Yacuiba,Tarija,lowland,2026-05-04,,0
cobija,Cobija,Pando,lowland,2026-05-05,,0
cochabamba,Cochabamba,Cochabamba,highland,2026-05-05,,0
la_paz_el_alto,La Paz–El Alto,La Paz,highland,2026-05-05,,0
montero,Montero,Santa Cruz,lowland,2026-05-05,,0
oruro,Oruro,Oruro,highland,2026-05-05,,0
potosi,Potosí,Potosí,highland,2026-05-05,,0
santa_cruz,Santa Cruz,Santa Cruz,lowland,2026-05-05,,0
sucre,Sucre,Chuquisaca,highland,2026-05-05,,0
tarija,Tarija,Tarija,lowland,2026-05-05,,0
trinidad,Trinidad,Beni,lowland,2026-05-05,,0
yacuiba,Yacuiba,Tarija,lowland,2026-05-05,,0
cobija,Cobija,Pando,lowland,2026-05-06,,0
cochabamba,Cochabamba,Cochabamba,highland,2026-05-06,,0
la_paz_el_alto,La Paz–El Alto,La Paz,highland,2026-05-06,,0
montero,Montero,Santa Cruz,lowland,2026-05-06,,0
oruro,Oruro,Oruro,highland,2026-05-06,,0
potosi,Potosí,Potosí,highland,2026-05-06,,0
santa_cruz,Santa Cruz,Santa Cruz,lowland,2026-05-06,,0
sucre,Sucre,Chuquisaca,highland,2026-05-06,,0
tarija,Tarija,Tarija,lowland,2026-05-06,,0
trinidad,Trinidad,Beni,lowland,2026-05-06,,0
yacuiba,Yacuiba,Tarija,lowland,2026-05-06,,0
cobija,Cobija,Pando,lowland,2026-05-07,,0
cochabamba,Cochabamba,Cochabamba,highland,2026-05-07,,0
la_paz_el_alto,La Paz–El Alto,La Paz,highland,2026-05-07,,0
montero,Montero,Santa Cruz,lowland,2026-05-07,,0
oruro,Oruro,Oruro,highland,2026-05-07,,0
potosi,Potosí,Potosí,highland,2026-05-07,,0
santa_cruz,Santa Cruz,Santa Cruz,lowland,2026-05-07,,0
sucre,Sucre,Chuquisaca,highland,2026-05-07,,0
tarija,Tarija,Tarija,lowland,2026-05-07,,0
trinidad,Trinidad,Beni,lowland,2026-05-07,,0
yacuiba,Yacuiba,Tarija,lowland,2026-05-07,,0
cobija,Cobija,Pando,lowland,2026-05-08,,0
cochabamba,Cochabamba,Cochabamba,highland,2026-05-08,,0
la_paz_el_alto,La Paz–El Alto,La Paz,highland,2026-05-08,,0
montero,Montero,Santa Cruz,lowland,2026-05-08,,0
oruro,Oruro,Oruro,highland,2026-05-08,,0
potosi,Potosí,Potosí,highland,2026-05-08,,0
santa_cruz,Santa Cruz,Santa Cruz,lowland,2026-05-08,,0
sucre,Sucre,Chuquisaca,highland,2026-05-08,,0
tarija,Tarija,Tarija,lowland,2026-05-08,,0
trinidad,Trinidad,Beni,lowland,2026-05-08,,0
yacuiba,Yacuiba,Tarija,lowland,2026-05-08,,0
cobija,Cobija,Pando,lowland,2026-05-09,,0
cochabamba,Cochabamba,Cochabamba,highland,2026-05-09,,0
la_paz_el_alto,La Paz–El Alto,La Paz,highland,2026-05-09,,0
montero,Montero,Santa Cruz,lowland,2026-05-09,,0
oruro,Oruro,Oruro,highland,2026-05-09,,0
potosi,Potosí,Potosí,highland,2026-05-09,,0
santa_cruz,Santa Cruz,Santa Cruz,lowland,2026-05-09,,0
sucre,Sucre,Chuquisaca,highland,2026-05-09,,0
tarija,Tarija,Tarija,lowland,2026-05-09,,0
trinidad,Trinidad,Beni,lowland,2026-05-09,,0
yacuiba,Yacuiba,Tarija,lowland,2026-05-09,,0
cobija,Cobija,Pando,lowland,2026-05-10,,0
cochabamba,Cochabamba,Cochabamba,highland,2026-05-10,,0
la_paz_el_alto,La Paz–El Alto,La Paz,highland,2026-05-10,,0
montero,Montero,Santa Cruz,lowland,2026-05-10,,0
oruro,Oruro,Oruro,highland,2026-05-10,,0
potosi,Potosí,Potosí,highland,2026-05-10,,0
santa_cruz,Santa Cruz,Santa Cruz,lowland,2026-05-10,,0
sucre,Sucre,Chuquisaca,highland,2026-05-10,,0
tarija,Tarija,Tarija,lowland,2026-05-10,,0
trinidad,Trinidad,Beni,lowland,2026-05-10,,0
yacuiba,Yacuiba,Tarija,lowland,2026-05-10,,0
cobija,Cobija,Pando,lowland,2026-05-11,,0
cochabamba,Cochabamba,Cochabamba,highland,2026-05-11,,0
la_paz_el_alto,La Paz–El Alto,La Paz,highland,2026-05-11,,0
montero,Montero,Santa Cruz,lowland,2026-05-11,,0
oruro,Oruro,Oruro,highland,2026-05-11,,0
potosi,Potosí,Potosí,highland,2026-05-11,,0
santa_cruz,Santa Cruz,Santa Cruz,lowland,2026-05-11,,0
sucre,Sucre,Chuquisaca,highland,2026-05-11,,0
tarija,Tarija,Tarija,lowland,2026-05-11,,0
trinidad,Trinidad,Beni,lowland,2026-05-11,,0
yacuiba,Yacuiba,Tarija,lowland,2026-05-11,,0
cobija,Cobija,Pando,lowland,2026-05-12,,0
cochabamba,Cochabamba,Cochabamba,highland,2026-05-12,,0
la_paz_el_alto,La Paz–El Alto,La Paz,highland,2026-05-12,,0
montero,Montero,Santa Cruz,lowland,2026-05-12,,0
oruro,Oruro,Oruro,highland,2026-05-12,,0
potosi,Potosí,Potosí,highland,2026-05-12,,0
santa_cruz,Santa Cruz,Santa Cruz,lowland,2026-05-12,,0
sucre,Sucre,Chuquisaca,highland,2026-05-12,,0
tarija,Tarija,Tarija,lowland,2026-05-12,,0
trinidad,Trinidad,Beni,lowland,2026-05-12,,0
yacuiba,Yacuiba,Tarija,lowland,2026-05-12,,0
cobija,Cobija,Pando,lowland,2026-05-13,,0
cochabamba,Cochabamba,Cochabamba,highland,2026-05-13,,0
la_paz_el_alto,La Paz–El Alto,La Paz,highland,2026-05-13,,0
montero,Montero,Santa Cruz,lowland,2026-05-13,,0
oruro,Oruro,Oruro,highland,2026-05-13,,0
potosi,Potosí,Potosí,highland,2026-05-13,,0
santa_cruz,Santa Cruz,Santa Cruz,lowland,2026-05-13,,0
sucre,Sucre,Chuquisaca,highland,2026-05-13,,0
tarija,Tarija,Tarija,lowland,2026-05-13,,0
trinidad,Trinidad,Beni,lowland,2026-05-13,,0
yacuiba,Yacuiba,Tarija,lowland,2026-05-13,,0
cobija,Cobija,Pando,lowland,2026-05-14,,0
cochabamba,Cochabamba,Cochabamba,highland,2026-05-14,,0
la_paz_el_alto,La Paz–El Alto,La Paz,highland,2026-05-14,,0
montero,Montero,Santa Cruz,lowland,2026-05-14,,0
oruro,Oruro,Oruro,highland,2026-05-14,,0
potosi,Potosí,Potosí,highland,2026-05-14,,0
santa_cruz,Santa Cruz,Santa Cruz,lowland,2026-05-14,,0
sucre,Sucre,Chuquisaca,highland,2026-05-14,,0
tarija,Tarija,Tarija,lowland,2026-05-14,,0
trinidad,Trinidad,Beni,lowland,2026-05-14,,0
yacuiba,Yacuiba,Tarija,lowland,2026-05-14,,0
cobija,Cobija,Pando,lowland,2026-05-15,,0
cochabamba,Cochabamba,Cochabamba,highland,2026-05-15,,0
la_paz_el_alto,La Paz–El Alto,La Paz,highland,2026-05-15,,0
montero,Montero,Santa Cruz,lowland,2026-05-15,,0
oruro,Oruro,Oruro,highland,2026-05-15,,0
potosi,Potosí,Potosí,highland,2026-05-15,,0
santa_cruz,Santa Cruz,Santa Cruz,lowland,2026-05-15,,0
sucre,Sucre,Chuquisaca,highland,2026-05-15,,0
tarija,Tarija,Tarija,lowland,2026-05-15,,0
trinidad,Trinidad,Beni,lowland,2026-05-15,,0
yacuiba,Yacuiba,Tarija,lowland,2026-05-15,,0
cobija,Cobija,Pando,lowland,2026-06-04,,0
cochabamba,Cochabamba,Cochabamba,highland,2026-06-04,,0
la_paz_el_alto,La Paz–El Alto,La Paz,highland,2026-06-04,,0
montero,Montero,Santa Cruz,lowland,2026-06-04,,0
oruro,Oruro,Oruro,highland,2026-06-04,,0
potosi,Potosí,Potosí,highland,2026-06-04,,0
santa_cruz,Santa Cruz,Santa Cruz,lowland,2026-06-04,,0
sucre,Sucre,Chuquisaca,highland,2026-06-04,,0
tarija,Tarija,Tarija,lowland,2026-06-04,,0
trinidad,Trinidad,Beni,lowland,2026-06-04,,0
yacuiba,Yacuiba,Tarija,lowland,2026-06-04,,0
cobija,Cobija,Pando,lowland,2026-06-05,,0
cochabamba,Cochabamba,Cochabamba,highland,2026-06-05,,0
la_paz_el_alto,La Paz–El Alto,La Paz,highland,2026-06-05,,0
montero,Montero,Santa Cruz,lowland,2026-06-05,,0
oruro,Oruro,Oruro,highland,2026-06-05,,0
potosi,Potosí,Potosí,highland,2026-06-05,,0
santa_cruz,Santa Cruz,Santa Cruz,lowland,2026-06-05,,0
sucre,Sucre,Chuquisaca,highland,2026-06-05,,0
tarija,Tarija,Tarija,lowland,2026-06-05,,0
trinidad,Trinidad,Beni,lowland,2026-06-05,,0
yacuiba,Yacuiba,Tarija,lowland,2026-06-05,,0
cobija,Cobija,Pando,lowland,2026-06-06,,0
cochabamba,Cochabamba,Cochabamba,highland,2026-06-06,,0
la_paz_el_alto,La Paz–El Alto,La Paz,highland,2026-06-06,,0
montero,Montero,Santa Cruz,lowland,2026-06-06,,0
oruro,Oruro,Oruro,highland,2026-06-06,,0
potosi,Potosí,Potosí,highland,2026-06-06,,0
santa_cruz,Santa Cruz,Santa Cruz,lowland,2026-06-06,,0
sucre,Sucre,Chuquisaca,highland,2026-06-06,,0
tarija,Tarija,Tarija,lowland,2026-06-06,,0
trinidad,Trinidad,Beni,lowland,2026-06-06,,0
yacuiba,Yacuiba,Tarija,lowland,2026-06-06,,0
cobija,Cobija,Pando,lowland,2026-06-07,,0
cochabamba,Cochabamba,Cochabamba,highland,2026-06-07,,0
la_paz_el_alto,La Paz–El Alto,La Paz,highland,2026-06-07,,0
montero,Montero,Santa Cruz,lowland,2026-06-07,,0
oruro,Oruro,Oruro,highland,2026-06-07,,0
potosi,Potosí,Potosí,highland,2026-06-07,,0
santa_cruz,Santa Cruz,Santa Cruz,lowland,2026-06-07,,0
sucre,Sucre,Chuquisaca,highland,2026-06-07,,0
tarija,Tarija,Tarija,lowland,2026-06-07,,0
trinidad,Trinidad,Beni,lowland,2026-06-07,,0
yacuiba,Yacuiba,Tarija,lowland,2026-06-07,,0
cobija,Cobija,Pando,lowland,2026-06-08,,0
cochabamba,Cochabamba,Cochabamba,highland,2026-06-08,,0
la_paz_el_alto,La Paz–El Alto,La Paz,highland,2026-06-08,,0
montero,Montero,Santa Cruz,lowland,2026-06-08,,0
oruro,Oruro,Oruro,highland,2026-06-08,,0
potosi,Potosí,Potosí,highland,2026-06-08,,0
santa_cruz,Santa Cruz,Santa Cruz,lowland,2026-06-08,,0
sucre,Sucre,Chuquisaca,highland,2026-06-08,,0
tarija,Tarija,Tarija,lowland,2026-06-08,,0
trinidad,Trinidad,Beni,lowland,2026-06-08,,0
yacuiba,Yacuiba,Tarija,lowland,2026-06-08,,0
cobija,Cobija,Pando,lowland,2026-06-09,,0
cochabamba,Cochabamba,Cochabamba,highland,2026-06-09,,0
la_paz_el_alto,La Paz–El Alto,La Paz,highland,2026-06-09,,0
montero,Montero,Santa Cruz,lowland,2026-06-09,,0
oruro,Oruro,Oruro,highland,2026-06-09,,0
potosi,Potosí,Potosí,highland,2026-06-09,,0
santa_cruz,Santa Cruz,Santa Cruz,lowland,2026-06-09,,0
sucre,Sucre,Chuquisaca,highland,2026-06-09,,0
tarija,Tarija,Tarija,lowland,2026-06-09,,0
trinidad,Trinidad,Beni,lowland,2026-06-09,,0
yacuiba,Yacuiba,Tarija,lowland,2026-06-09,,0
cobija,Cobija,Pando,lowland,2026-06-10,,0
cochabamba,Cochabamba,Cochabamba,highland,2026-06-10,,0
la_paz_el_alto,La Paz–El Alto,La Paz,highland,2026-06-10,,0
montero,Montero,Santa Cruz,lowland,2026-06-10,,0
oruro,Oruro,Oruro,highland,2026-06-10,,0
potosi,Potosí,Potosí,highland,2026-06-10,,0
santa_cruz,Santa Cruz,Santa Cruz,lowland,2026-06-10,,0
sucre,Sucre,Chuquisaca,highland,2026-06-10,,0
tarija,Tarija,Tarija,lowland,2026-06-10,,0
trinidad,Trinidad,Beni,lowland,2026-06-10,,0
yacuiba,Yacuiba,Tarija,lowland,2026-06-10,,0
